400	-38	16022	54	91	-21	9
438	-24	16041	53	89	-15	9
392	-29	16062	59	91	-17	9
398	-38	16016	69	80	-17	9
410	-55	16045	74	74	-28	9
403	-56	16040	62	92	-29	9
423	-38	16047	45	83	-28	9
406	-59	16064	54	93	-29	9
403	-50	16075	63	95	-26	9
391	-37	16024	72	72	-18	9
406	-39	16031	86	87	-35	9
418	-45	16046	56	94	-31	9
412	-36	16048	67	86	-22	9
404	-48	16040	71	82	-18	9
414	-63	16093	63	83	-21	9
415	-43	16030	80	66	-15	9
398	-31	16049	74	77	-22	9
393	-45	16052	39	82	-8	9
423	-41	16071	55	87	-19	9
406	-35	16059	67	95	-17	9
404	-41	16090	56	98	-19	9
403	-56	16058	75	85	-21	9
404	-43	16049	80	90	-15	9
384	-42	16032	58	93	-18	9
414	-24	16038	56	89	-23	9
415	-21	16051	62	90	-17	9
422	-40	16089	62	81	-12	9
427	-41	16042	74	73	-22	9
406	-25	16030	68	95	-23	9
405	-33	16028	49	102	-30	9
397	-21	16030	72	100	-7	9
388	-32	16071	72	86	-16	9
384	-40	16021	62	81	-25	9
401	-58	16045	82	84	-42	9
399	-37	16037	71	107	-34	9
406	-47	16027	50	100	-24	9
405	-30	16075	61	105	-19	9
405	-10	16053	62	92	-7	9
412	-43	16024	64	98	-17	9
405	-42	16047	67	82	-30	9
407	-44	16021	48	98	-24	9
401	-53	16054	46	72	-18	9
390	-37	16053	66	95	-21	9
412	-25	16035	71	100	-24	9
394	-34	16020	71	87	-23	9
405	-28	16056	60	81	-27	9
406	-42	16052	67	98	-33	9
400	-24	16040	55	96	-24	9
397	-23	16021	53	86	-23	9
392	-20	16026	51	103	-21	9
422	-32	16053	47	102	-18	9
409	-57	16038	65	104	-37	9
403	-49	16043	55	98	-25	9
403	-51	16022	48	87	-11	9
401	-44	16043	43	79	-8	9
393	-61	16061	37	82	-19	9
399	-29	16036	69	77	-24	9
404	-44	16043	72	93	-32	9
395	-42	16083	62	91	-33	9
401	-37	16053	52	93	-34	9
399	-47	16044	60	90	-20	9
426	-50	16110	52	89	-18	9
427	-48	16039	71	81	-16	9
414	-56	16023	78	76	-20	9
408	-42	16035	41	70	-12	9
413	-31	16064	42	90	-26	9
399	-47	16030	52	95	-24	9
388	-44	16075	36	83	-14	9
386	-39	16040	47	70	-29	9
426	-38	16023	58	95	-26	9
408	-32	16060	47	100	-24	9
411	-29	16032	49	87	-23	9
415	-29	16026	44	84	-33	9
380	-18	16069	43	94	-21	9
416	-40	16040	89	79	-21	9
419	-31	16058	68	96	-18	9
413	-29	16052	48	95	-14	9
404	-24	16030	57	89	-19	9
410	-31	16048	57	82	-21	9
409	-59	16043	52	92	-14	9
405	-45	16036	65	101	-36	9
409	-51	16036	46	94	-24	9
392	-44	16075	50	93	-26	9
400	-31	16047	42	80	-14	9
403	-18	16035	38	93	-27	9
390	-34	16011	48	83	-24	9
398	-27	16034	82	88	-24	9
401	-44	16036	60	90	-28	9
405	-55	16039	48	85	-20	9
391	-34	16052	52	92	-6	9
410	-38	16054	52	103	-18	9
417	-54	16029	64	90	-14	9
403	-57	16046	82	91	-21	9
400	-40	16045	54	95	-22	9
416	-39	16050	58	98	-11	9
400	-41	16040	66	95	-9	9
390	-43	16053	57	88	-17	9
393	-32	16027	63	81	-20	9
403	-49	16050	88	96	-32	9
425	-36	16061	57	96	-32	9
425	-40	16051	54	83	-35	9
405	-48	16040	50	91	-25	9
400	-53	16095	50	97	-31	9
421	-36	16029	58	86	-19	9
415	-44	16038	51	90	-22	9
420	-44	16033	43	94	-15	9
416	-40	16052	57	102	-28	9
406	-37	16075	40	90	-37	9
413	-54	16125	54	87	-41	9
405	-30	16040	64	72	-26	9
391	-32	16033	49	92	-13	9
378	-55	16032	41	99	-22	9
410	-57	16042	58	99	-13	9
411	-40	16041	76	91	-21	9
393	-33	16048	60	74	-22	9
409	-41	16032	74	66	-30	9
408	-26	16063	61	82	-26	9
401	-46	16031	56	87	-34	9
422	-43	16035	42	74	-20	9
387	-58	16061	43	72	-25	9
399	-65	16044	42	83	-30	9
403	-41	16041	54	86	-26	9
420	-31	16047	54	93	-26	9
417	-49	16065	48	93	-18	9
408	-37	16046	55	94	-25	9
402	-27	16042	50	93	-23	9
393	-42	16024	48	83	-21	9
422	-46	16042	67	73	-29	9
419	-39	16037	47	84	-22	9
409	-42	16046	36	95	-27	9
415	-30	16043	35	99	-25	9
413	-40	16061	43	84	-24	9
409	-47	16009	49	83	-34	9
388	-41	16033	69	81	-34	9
391	-46	16037	57	87	-7	9
393	-28	16034	63	87	-6	9
382	-40	16032	49	84	-23	9
396	-34	16048	43	84	-21	9
418	-29	16019	38	70	-9	9
409	-43	16042	68	86	-18	9
405	-23	16043	68	98	-23	9
411	-17	16044	67	98	-24	9
398	-32	16051	49	90	-24	9
406	-30	16060	47	85	-21	9
395	-31	16038	70	67	-20	9
395	-45	16032	73	96	-29	9
404	-41	16059	59	100	-27	9
406	-36	16032	52	90	-10	9
420	-40	16036	57	78	-20	9
406	-17	16099	57	85	-28	9
425	-17	16064	73	73	-27	9
426	-32	16032	68	78	-33	9
419	-29	16031	49	80	-24	9
401	-26	16025	63	96	-20	9
399	-39	16043	56	92	-27	9
384	-44	16081	52	90	-18	9
397	-55	16050	65	81	-20	9
415	-52	16037	57	89	-31	9
393	-35	16022	32	101	-17	9
408	-42	16029	47	85	-28	9
384	-30	16058	47	80	-18	9
412	-49	16072	42	82	-27	9
401	-46	16031	78	72	-39	9
394	-39	16039	67	93	-32	9
381	-28	16022	61	93	-28	9
398	-48	16052	65	92	-28	9
402	-43	16034	52	82	-22	9
405	-58	16035	44	72	-12	9
404	-31	16041	78	73	-24	9
407	-54	16023	82	90	-31	9
402	-39	16036	76	94	-18	9
448	-37	16046	65	84	-20	9
403	-48	16039	52	87	-23	9
423	-41	16013	70	94	-25	9
420	-16	16048	69	78	-13	9
406	-57	16039	57	96	-32	9
415	-37	16044	68	94	-36	9
425	-33	16024	54	79	-23	9
392	-37	16055	43	75	-6	9
412	-21	16056	46	61	-9	9
420	-34	16064	66	66	-17	9
394	-21	16053	58	88	-24	9
408	-26	16066	51	92	-25	9
406	-25	16047	51	93	-28	9
397	-35	16073	66	80	-19	9
409	-43	16018	62	70	-21	9
409	-37	16061	63	95	-28	9
398	-43	16045	53	93	-25	9
421	-56	16057	49	80	-24	9
399	-44	16043	48	84	-16	9
411	-69	16099	60	88	-27	9
390	-41	16043	81	75	-35	9
410	-64	16058	74	88	-34	9
408	-22	16052	49	84	-21	9
412	-47	16069	43	82	-25	9
406	-59	16064	54	92	-28	9
392	-48	16105	50	96	-27	9
406	-28	16042	59	90	-30	9
410	-40	16044	68	85	-28	9
418	-43	16069	51	77	-17	9
419	-36	16060	49	74	-23	9
408	-45	16037	60	84	-19	9
427	-37	16079	58	84	-24	9
411	-43	16048	72	75	-27	9
396	-23	16022	67	85	-12	9
402	-53	16074	50	93	-13	9
390	-37	16016	54	91	-7	9
390	-43	16063	49	89	-12	9
411	-69	16063	55	93	-9	9
409	-39	16055	82	89	-33	9
412	-45	16024	63	93	-27	9
406	-35	16017	52	90	-23	9
391	-41	16077	53	86	-29	9
396	-48	16057	49	88	-17	9
388	-52	16026	41	80	1	9
408	-39	16030	78	87	-37	9
420	-35	16044	56	93	-33	9
409	-30	16031	44	96	-25	9
404	-32	16045	58	95	-29	9
399	-40	16052	65	94	-30	9
409	-52	16048	58	76	-18	9
410	-63	16052	77	77	-38	9
416	-18	16021	60	90	-23	9
411	-28	16019	39	88	-22	9
413	-34	16062	45	96	-15	9
405	-13	16033	55	95	-11	9
392	-42	16057	70	88	-17	9
408	-50	16035	85	81	-19	9
419	-44	16062	52	82	-24	9
413	-13	16046	46	103	-13	9
437	-28	16053	66	107	-10	9
414	-34	16115	69	92	-14	9
382	-51	16024	70	79	-23	9
394	-79	16045	78	85	-35	9
404	-35	16064	50	87	-30	9
409	-30	16048	39	82	-26	9
405	-38	16052	51	79	-16	9
386	-48	16095	53	87	-7	9
409	-61	16015	63	83	-19	9
410	-62	16021	76	94	-22	9
406	-31	16054	56	94	-21	9
408	-46	16049	49	92	-24	9
409	-43	16061	39	78	-30	9
387	-34	16103	47	69	-29	9
393	-42	16064	77	70	-29	9
406	-39	16066	77	88	-35	9
411	-35	16073	51	82	-33	9
416	-26	16071	53	89	-14	9
410	-19	16040	57	99	-10	9
394	-47	16044	55	80	-13	9
422	-64	16030	80	67	-24	9
418	-41	16059	72	89	-33	9
397	-22	16040	73	68	-19	9
407	-36	16040	47	75	-10	9
403	-24	16059	39	96	-4	9
381	-40	16036	55	76	-18	9
395	-35	16044	70	77	-33	9
396	-36	16049	57	94	-24	9
412	-59	16040	52	102	-26	9
405	-28	16033	38	88	-18	9
411	-58	16058	56	82	-20	9
410	-57	16006	60	77	-19	9
395	-41	16052	81	79	-32	9
409	-34	16001	48	85	-11	9
412	-53	16035	46	90	4	9
388	-17	16052	45	104	-14	9
411	-38	16063	62	98	-20	9
383	-39	16038	68	97	-10	9
381	-40	16033	74	87	-24	9
403	-53	16032	64	86	-30	9
409	-43	16030	66	98	-19	9
398	-33	16053	69	103	-11	9
424	-44	16074	63	94	-17	9
406	-47	16019	67	70	-10	9
423	-53	16053	82	68	-37	9
415	-61	16064	55	86	-36	9
424	-54	16053	56	84	-23	9
436	-40	16087	49	68	-22	9
420	-30	16074	53	78	-25	9
420	-40	16012	68	72	-25	9
419	-38	16032	79	86	-15	9
419	-29	16045	62	86	-16	9
416	-27	16064	55	87	-19	9
403	-32	16039	50	83	-16	9
398	-49	16105	48	86	-21	9
415	-42	16062	63	64	-26	9
393	-31	16067	63	79	-29	9
398	-52	16032	40	79	-31	9
406	-40	16034	48	83	-19	9
398	-30	16026	61	93	-6	9
377	-53	16051	66	70	-6	9
427	-33	16028	85	67	-17	9
393	-47	16033	71	89	-18	9
402	-42	16032	61	95	-16	9
379	-29	16060	53	98	-17	9
399	-44	16052	48	86	-22	9
411	-24	16046	67	89	-21	9
417	-47	16035	83	92	-24	9
399	-20	16031	78	89	-15	9
433	-46	16026	70	106	-25	9
415	-19	16035	63	99	-31	9
406	-38	16026	32	85	-15	9
397	-44	16021	47	76	-25	9
418	-31	16052	82	75	-20	9
414	-38	16062	63	83	-6	9
405	-31	16044	48	89	-19	9
399	-35	16046	39	84	-11	9
395	-57	16031	67	86	-14	9
419	-23	16026	65	78	-16	9
403	-41	16024	87	90	-28	9
424	-42	16028	65	89	-27	9
415	-50	16033	63	94	-19	9
407	-52	16057	65	79	-21	9
423	-34	16036	64	78	-19	9
424	-41	16046	64	81	-23	9
410	-55	16072	64	93	-25	9
396	-40	16058	54	95	-13	9
401	-52	16043	76	88	-14	9
405	-36	16031	82	89	-13	9
392	-31	16078	53	92	-14	9
396	-49	16007	61	76	-27	9
410	-52	16052	79	94	-39	9
414	-30	16065	62	92	-46	9
413	-55	16028	50	85	-21	9
407	-25	16054	51	92	-24	9
393	-31	16088	55	95	-14	9
395	-38	16062	76	79	-22	9
405	-43	16047	53	89	-25	9
414	-44	16035	54	92	-23	9
398	-40	16041	50	77	-30	9
399	-9	16054	48	86	-17	9
423	-28	16081	49	96	-27	9
413	-38	16037	68	90	-27	9
406	-48	16062	68	99	-24	9
395	-36	16039	58	99	-24	9
402	-56	16085	44	93	-26	9
405	-51	16052	58	94	-28	9
405	-25	16046	48	81	-19	9
391	-62	16035	74	71	-24	9
393	-40	16043	54	93	-21	9
396	-42	16041	53	90	-21	9
394	-43	16064	57	74	-18	9
407	-44	16026	48	92	-32	9
379	-37	16029	60	78	-25	9
366	-38	16010	67	75	-18	9
400	-42	16046	62	87	-11	9
383	-46	16029	54	99	-25	9
413	-56	16067	47	108	-21	9
411	-55	16052	60	104	-11	9
396	-55	16001	61	82	-20	9
420	-43	16037	88	80	-22	9
411	-35	16047	66	84	-11	9
403	-33	16045	56	82	-19	9
429	-44	16059	56	86	-15	9
414	-59	16048	58	90	-19	9
412	-54	16024	65	77	-23	9
406	-18	16046	76	83	-41	9
400	-35	16049	59	87	-17	9
418	-34	16043	62	84	-22	9
424	-30	16058	66	75	-21	9
413	-42	16084	44	88	-18	9
418	-45	16027	61	70	-13	9
408	-21	16067	75	84	-39	9
403	-27	16058	63	82	-26	9
393	-42	16073	58	68	-24	9
404	-55	16043	53	86	-24	9
401	-42	16103	54	84	-22	9
403	-40	16037	64	68	-20	9
395	-35	16040	60	81	-30	9
392	-72	16056	47	81	-23	9
396	-42	16046	57	85	-14	9
406	-34	16071	54	90	-28	9
409	-66	16093	55	92	-17	9
412	-52	16030	77	88	-33	9
400	-33	16051	74	97	-39	9
403	-36	16026	45	100	-22	9
420	-20	16024	41	85	-19	9
422	-35	16041	46	86	-39	9
400	-54	16051	45	80	-21	9
404	-44	16016	79	82	-28	9
421	-45	16024	74	83	-37	9
423	-37	16035	59	82	-33	9
412	-30	16052	47	68	-9	9
403	-41	16038	59	87	-22	9
424	-40	16045	45	85	-16	9
414	-36	16067	52	65	-24	9
410	-41	16047	48	75	-22	9
395	-52	16020	56	89	-20	9
407	-57	16051	49	80	-13	9
392	-36	16034	48	74	-4	9
399	-8	16013	68	72	-23	9
398	-14	16065	96	81	-37	9
380	-49	16076	73	91	-22	9
385	-84	16082	67	88	-12	9
391	-59	16044	62	89	-21	9
431	-11	16022	61	88	-35	9
422	-3	16006	73	77	-34	9
420	-8	16045	78	88	-34	9
404	-57	16033	64	71	-29	9
400	-61	16020	61	71	-27	9
410	-38	16046	67	73	-32	9
420	4	16114	63	73	-25	9
416	18	16042	61	78	-28	9
385	-34	16047	79	95	-27	9
419	-72	16054	54	104	-37	9
410	-67	16029	51	107	-39	9
436	-57	16066	51	97	-23	9
411	-25	16086	55	97	-20	9
402	-39	16031	57	69	-8	9
404	-23	16040	48	72	-11	9
411	-54	16037	36	75	-20	9
424	-49	16051	50	74	-24	9
404	-38	16073	54	94	-23	9
383	-17	16113	46	93	-27	9
402	-12	16049	72	66	-28	9
419	-35	16044	94	99	-37	9
404	-49	16049	68	101	-17	9
422	-73	16019	61	87	-22	9
408	-38	16001	64	82	-31	9
397	-34	16059	56	76	-24	9
408	-39	16054	63	75	-14	9
412	-44	16067	73	83	-27	9
411	-41	16053	48	88	-25	9
398	-56	16059	54	108	-18	9
393	-28	16011	61	100	-12	9
398	-40	16023	46	96	-16	9
411	-29	16026	66	82	-10	9
411	-51	16034	70	76	-9	9
410	-38	16042	55	90	-29	9
415	-52	16043	63	99	-26	9
415	-32	16043	64	88	-7	9
397	-28	16041	58	67	-6	9
405	-30	16055	65	73	-24	9
407	-32	16051	57	88	-19	9
396	-50	16041	53	99	-19	9
372	-51	16003	54	93	-19	9
402	-32	16023	51	91	-23	9
386	-38	16010	47	61	-17	9
407	-21	16032	70	75	-22	9
403	-25	16036	61	94	-21	9
391	-38	16039	64	95	-24	9
394	-50	16072	74	92	-21	9
397	-46	16064	69	97	-12	9
393	-29	16052	60	75	-13	9
397	-34	16039	67	80	-26	9
414	-41	16035	48	92	-14	9
412	-54	16028	47	110	-26	9
411	-52	16037	51	88	-27	9
421	-31	16063	57	82	-16	9
395	-33	16034	45	67	-7	9
402	-36	16033	65	80	-28	9
399	-33	16070	59	77	-30	9
410	-39	16044	62	70	-30	9
402	-40	16060	55	89	-20	9
401	-55	16100	57	102	-10	9
405	-41	16032	82	87	-16	9
413	-31	16051	89	81	-34	9
405	-41	16036	69	63	-34	9
446	-58	16025	55	68	-24	9
423	-59	16045	44	77	-12	9
440	-35	16116	46	87	-19	9
393	-35	16064	81	85	-39	9
397	-32	16069	79	96	-36	9
404	-62	16059	43	95	-28	9
424	-45	16027	54	104	-22	9
414	-50	16039	66	100	-24	9
410	-52	16069	63	96	-22	9
403	-37	16020	76	82	-28	9
404	-38	16026	77	91	-33	9
423	-28	16068	64	92	-26	9
380	-47	16055	62	93	-22	9
390	-18	16070	47	99	-15	9
403	-39	16070	51	110	-16	9
424	-34	16066	83	89	-36	9
403	-42	16018	81	102	-38	9
409	-50	16044	59	92	-25	9
407	-30	16020	56	96	-6	9
424	-22	16017	49	100	-24	9
407	-24	16036	71	85	-15	9
409	-53	16046	87	78	-12	9
413	-46	16070	65	87	-22	9
418	-34	16050	49	99	-12	9
405	-36	16038	37	89	-11	9
405	-30	16043	48	92	-21	9
392	-46	16029	52	78	-28	9
411	-39	16047	77	81	-37	9
410	-35	16031	44	86	-25	9
414	-43	16045	48	80	-17	9
411	-47	16051	45	70	-17	9
406	-31	16068	43	71	-20	9
402	-52	16038	55	54	-9	9
400	-34	16056	76	60	-22	9
405	-38	16048	67	79	-19	9
409	-42	16024	61	78	-20	9
407	-32	16040	54	90	-17	9
401	-51	16060	41	99	-14	9
397	-51	16021	57	87	-18	9
410	-44	16027	87	80	-33	9
403	-53	16050	49	77	-15	9
406	-49	16034	51	89	-27	9
402	-42	16032	59	84	-33	9
403	-55	16121	71	87	-26	9
407	-42	16039	85	83	-35	9
401	-60	16053	56	83	-24	9
402	-48	16031	55	87	-12	9
411	-50	16041	56	90	-19	9
415	-40	16027	63	92	-22	9
422	-48	16068	58	103	-23	9
403	-39	16041	76	76	-9	9
402	-31	16040	66	81	-13	9
405	-52	16041	42	87	-29	9
404	-20	16025	59	99	-34	9
399	-25	16035	47	87	-19	9
390	-30	16028	53	86	-25	9
381	-20	16031	76	79	-32	9
358	-28	16017	52	89	-25	9
383	-27	16036	56	96	-24	9
395	-30	16032	59	87	-23	9
390	-39	16061	55	90	-24	9
402	-47	16008	52	76	-11	9
406	-52	16065	65	72	-47	9
397	-53	16034	61	75	-43	9
425	-29	16034	51	79	-21	9
393	-48	16049	60	89	-19	9
410	-29	16064	68	97	-33	9
412	-20	16025	64	81	-34	9
407	-39	16041	71	84	-24	9
408	-35	16034	62	108	-16	9
395	-27	16056	61	100	-5	9
398	-42	16050	55	80	-12	9
395	-27	16067	50	80	-13	9
402	-41	16027	53	72	-18	9
417	-31	16051	66	86	-27	9
389	-33	16012	50	102	-17	9
405	-27	16044	44	100	-16	9
434	-24	16025	72	90	-11	9
428	-39	16077	66	86	-19	9
404	-50	16020	66	75	-10	9
406	-45	16058	83	89	-19	9
407	-32	16060	61	84	-28	9
413	-20	16052	48	69	-32	9
389	-29	16048	51	77	-19	9
409	-47	16140	43	98	-16	9
368	-43	16019	66	89	-23	9
397	-51	16018	56	91	-34	9
404	-48	16032	54	94	-29	9
389	-21	16044	53	86	-29	9
416	-21	16082	47	93	-28	9
387	-28	16068	39	89	-22	9
385	-34	16061	61	82	-36	9
397	-47	16049	58	93	-37	9
397	-29	16029	43	86	-28	9
408	-60	16040	63	85	-29	9
386	-44	16028	68	91	-25	9
425	-57	16059	52	75	-16	9
417	-22	16019	60	83	-28	9
413	-36	16026	56	78	-27	9
406	-49	16044	59	87	-18	9
408	-35	16029	61	92	-21	9
401	-35	16025	48	92	-22	9
390	-55	16033	44	72	-23	9
391	-44	16013	65	74	-35	9
394	-41	16053	70	83	-33	9
413	-50	16041	57	88	-23	9
434	-39	16042	70	79	-22	9
407	-43	16034	49	87	-20	9
395	-30	16003	61	72	-19	9
394	-25	16026	96	68	-32	9
398	-26	16053	56	73	-19	9
388	-68	16049	48	73	-13	9
389	-85	16059	50	67	-8	9
411	-69	16034	46	88	-17	9
411	-15	16006	58	74	-17	9
422	-6	16010	78	75	-30	9
409	-21	16033	62	78	-23	9
411	-43	16080	62	80	-15	9
390	-50	16071	73	84	-29	9
413	-64	16096	69	84	-28	9
423	-29	16052	69	78	-24	9
435	-34	16033	74	95	-28	9
414	-47	16035	59	101	-24	9
407	-44	16029	68	85	-21	9
403	-50	16021	61	83	-24	9
407	-29	16067	56	80	-16	9
420	-18	16028	72	69	-31	9
401	-20	16080	76	72	-30	9
390	-18	16084	57	81	-34	9
393	-53	16053	44	99	-30	9
405	-45	16047	59	102	-21	9
415	-58	16111	49	89	-21	9
422	-28	16037	46	86	-21	9
421	-14	16032	53	108	-27	9
411	-33	16035	71	100	-14	9
383	-50	16043	56	87	-12	9
404	-38	16038	54	78	-19	9
417	-41	16091	60	80	-15	9
392	-19	16060	87	70	-15	9
394	-25	16042	65	94	-14	9
406	-44	16052	54	100	-23	9
415	-53	16033	57	107	-28	9
383	-71	16040	52	106	-15	9
412	-57	16022	61	94	2	9
408	-25	16029	75	78	-18	9
419	-30	16044	55	79	-20	9
417	-34	16056	48	92	-14	9
410	-33	16056	36	97	-24	9
394	-27	16047	50	89	-17	9
411	-52	16043	68	74	-17	9
409	-36	16056	76	87	-33	9
426	-19	16030	46	94	-20	9
419	-38	16024	48	84	-15	9
406	-47	16041	65	85	-2	9
399	-45	16029	46	97	-1	9
389	-36	15996	56	84	-13	9
400	-39	16043	93	75	-28	9
396	-23	16031	59	85	-9	9
426	-21	16071	63	89	-13	9
405	-33	16063	68	87	-19	9
399	-40	16069	57	97	-18	9
401	-42	16035	70	87	-19	9
409	-46	16023	80	96	-13	9
403	-30	16011	60	87	-12	9
390	-21	16016	60	76	-24	9
375	-23	16021	64	83	-9	9
374	-45	16084	47	77	-19	9
409	-32	16046	60	59	-23	9
396	-9	16062	71	69	-15	9
421	-10	16068	42	84	-15	9
417	-32	16048	46	98	-26	9
397	-60	16054	67	104	-36	9
390	-45	16083	63	106	-24	9
408	-54	16008	71	87	-27	9
433	-55	16042	77	86	-24	9
406	-49	16030	48	87	-19	9
407	-35	16048	45	90	-30	9
432	-40	16050	57	92	-27	9
411	-68	16106	54	83	-19	9
413	-59	16048	65	73	-19	9
430	-59	16073	64	89	-17	9
420	-43	16026	37	101	-19	9
409	-57	16027	45	90	-20	9
402	-49	16029	50	106	-14	9
391	-50	16035	51	86	-17	9
411	-53	16036	63	82	-30	9
412	-45	16062	52	91	-22	9
411	-43	16071	50	88	-20	9
423	-41	16042	62	88	-13	9
422	-46	16063	63	90	-25	9
382	-44	16007	61	77	-39	9
407	-34	16046	74	83	-37	9
410	-47	16037	62	103	-23	9
428	-43	16045	63	95	-23	9
409	-56	16059	51	74	-24	9
400	-32	16027	55	85	-30	9
401	-32	16048	46	74	-28	9
396	-25	16063	72	78	-28	9
391	-18	16069	50	78	-21	9
411	-27	16039	53	92	-18	9
408	-50	16029	71	105	-23	9
414	-58	16038	59	87	-30	9
414	-36	16023	56	66	-33	9
403	-36	16008	74	79	-32	9
406	-35	16035	63	70	-11	9
407	-29	16028	55	67	-13	9
406	-38	16052	45	76	-17	9
398	-38	16101	41	84	-19	9
396	-45	16038	58	69	-15	9
417	-51	16072	74	79	-32	9
398	-47	16033	58	88	-34	9
411	-56	16032	68	100	-32	9
426	-51	16051	67	95	-25	9
418	-66	16085	45	92	-23	9
411	-59	16030	58	52	-17	9
420	-48	16032	68	65	-23	9
408	-36	16039	68	83	-17	9
406	-50	16047	71	91	-16	9
423	-45	16083	54	79	-18	9
412	-57	16098	46	77	-17	9
410	-48	16021	65	75	-37	9
409	-51	16023	66	101	-32	9
407	-42	16027	53	93	-20	9
427	-50	16064	53	85	-34	9
415	-49	16053	53	83	-27	9
391	-39	16044	53	80	-19	9
405	-46	16032	72	76	-31	9
389	-41	16051	57	82	-33	9
392	-34	16066	47	83	-23	9
414	-41	16042	55	84	-31	9
389	-49	16047	56	92	-28	9
389	-45	16041	46	105	-13	9
417	-28	16018	77	99	-32	9
393	-27	16018	68	92	-27	9
395	-36	16040	68	89	-23	9
395	-43	16051	63	81	-32	9
391	-43	16058	55	80	-14	9
375	-17	16039	62	79	-26	9
389	-21	16043	77	73	-39	9
401	-27	16067	56	86	-20	9
402	-37	16028	48	91	-19	9
406	-50	16038	60	94	-18	9
416	-34	16022	58	94	-7	9
380	-41	15995	47	77	1	9
409	-46	16034	68	70	-28	9
420	-53	16056	71	74	-30	9
399	-31	16057	72	86	-25	9
420	-35	16050	64	83	-19	9
401	-36	16041	60	93	-18	9
394	-35	16025	60	81	-17	9
408	-52	16027	88	95	-20	9
424	-40	16040	65	102	-22	9
426	-46	16019	70	83	-25	9
402	-53	16026	51	82	-18	9
403	-47	16073	39	87	-22	9
432	-53	16040	60	74	-21	9
411	-43	16064	87	79	-27	9
425	-42	16034	50	81	-13	9
398	-38	16044	53	94	-11	9
409	-64	16036	55	91	-12	9
426	-66	16109	68	91	-16	9
407	-62	16041	81	74	-20	9
417	-55	16031	50	85	-21	9
415	-53	16003	39	92	-29	9
394	-43	16043	47	88	-19	9
392	-48	16062	51	89	-15	9
404	-36	16083	50	80	-35	9
400	-41	16035	67	80	-47	9
401	-47	16077	61	85	-34	9
410	-38	16052	52	90	-20	9
414	-22	16050	63	94	-28	9
392	-33	16029	43	80	-21	9
390	-37	16030	48	87	-16	9
392	-37	16034	80	76	-17	9
414	-34	16042	62	83	-33	9
381	-29	16032	42	97	-27	9
399	-22	16048	21	80	-17	9
408	-49	16071	34	77	-22	9
395	-32	16036	49	83	-21	9
405	-43	16061	69	85	-1	9
409	-31	16071	69	97	-12	9
412	-39	16054	55	110	-32	9
398	-38	16044	61	106	-22	9
413	-35	16029	55	91	-9	9
380	-31	16017	63	93	-19	9
402	-67	16045	77	78	-18	9
379	-35	16021	53	82	-21	9
408	-36	16062	52	89	-18	9
399	-44	16057	64	87	-19	9
408	-42	16052	53	91	-10	9
408	-50	16031	54	69	-7	9
411	-34	16057	58	72	-15	9
428	-37	16046	53	85	-29	9
418	-24	16057	65	99	-36	9
413	-61	16021	71	102	-28	9
396	-56	16060	62	90	-20	9
404	-63	16009	58	81	-12	9
404	-45	16018	63	81	-16	9
437	-28	16030	52	91	-17	9
418	-12	16054	54	85	-29	9
405	-54	16073	58	79	-29	9
403	-62	16088	53	80	-24	9
405	-39	16012	56	65	-12	9
407	-26	16063	61	77	-24	9
405	-26	16057	63	95	-23	9
407	-34	16047	54	81	-24	9
422	-42	16033	58	84	-29	9
381	-36	16081	53	79	-26	9
419	-32	16046	73	73	-23	9
406	-27	16036	71	95	-23	9
391	-30	16068	56	86	-28	9
389	-36	16034	55	87	-26	9
397	-44	16043	53	86	-18	9
390	-73	16070	54	88	-23	9
401	-37	16050	83	74	-27	9
402	-38	16030	73	75	-27	9
404	-37	16054	65	87	-27	9
414	-57	16061	66	90	-19	9
386	-54	16045	65	97	-8	9
401	-39	16021	59	90	-19	9
414	-29	16048	77	88	-23	9
397	-53	16050	53	94	-12	9
398	-59	16055	57	87	-21	9
435	-47	16049	62	90	-17	9
417	-37	16045	70	97	-12	9
412	-54	16028	65	83	-9	9
412	-53	16032	79	85	-23	9
415	-36	16041	51	98	-28	9
394	-32	16044	51	90	-23	9
425	-30	16060	63	83	-26	9
416	-46	16034	65	88	-36	9
409	-40	16000	63	93	-16	9
415	-41	16048	78	89	-19	9
415	-59	16080	66	77	-23	9
412	-28	16051	53	77	-21	9
403	-25	16062	47	87	-20	9
392	-43	16049	54	76	-19	9
399	-55	16020	51	70	-21	9
400	-41	16048	63	82	-32	9
401	-18	16026	52	88	-28	9
386	-35	16017	51	87	-22	9
396	-33	16065	47	86	0	9
390	-36	16099	64	93	-9	9
392	-30	16033	81	106	-32	9
404	-37	16038	55	105	-37	9
404	-44	16041	36	102	-35	9
382	-30	16043	53	90	-26	9
394	-27	16054	48	87	-11	9
395	-39	16107	48	91	-13	9
406	-29	16023	71	58	-16	9
406	-56	16050	67	79	-11	9
405	-41	16037	37	87	-15	9
392	-32	16026	53	78	-17	9
428	-47	16035	65	95	-18	9
389	-23	16053	70	90	-4	9
392	-49	16052	76	79	-16	9
404	-48	16065	70	92	-26	9
412	-49	16034	63	104	-30	9
412	-45	16035	63	106	-14	9
376	-50	16024	68	97	-8	9
391	-38	16024	60	80	-16	9
399	-40	16027	60	75	-18	9
418	-33	16041	62	78	-14	9
409	-70	16034	63	80	-21	9
389	-46	16028	46	92	-5	9
381	-59	16037	44	90	-10	9
400	-42	16010	49	93	-6	9
408	-32	16054	67	84	-25	9
388	-36	16046	54	105	-29	9
419	-45	16057	60	99	-20	9
399	-64	16045	68	100	-18	9
410	-40	16023	60	95	-11	9
418	-42	16018	61	75	-17	9
408	-37	16060	85	74	-28	9
410	-24	16039	58	81	-26	9
417	-39	16023	63	84	-25	9
418	-24	16047	57	98	-13	9
402	-18	16049	48	90	-10	9
411	-39	16024	62	78	-13	9
408	-26	16028	66	87	-29	9
403	-41	16080	60	93	-25	9
406	-51	16052	52	99	-35	9
408	-30	16071	54	106	-28	9
397	-19	16062	60	97	-18	9
420	-47	16016	67	84	-15	9
408	-25	16042	77	96	-32	9
397	-44	16052	58	101	-22	9
407	-43	16041	65	91	-14	9
387	-44	16032	78	86	-11	9
399	-45	16078	72	84	-5	9
388	-48	16051	68	69	-16	9
397	-44	16053	72	84	-35	9
419	-59	16014	68	94	-28	9
400	-35	16053	69	100	-30	9
426	-38	16051	57	99	-28	9
402	-55	16068	75	94	-32	9
391	-52	16046	88	93	-35	9
415	-51	16039	74	103	-38	9
408	-46	16040	53	80	-18	9
436	-51	16054	55	87	-25	9
415	-45	16045	53	99	-27	9
403	-40	16076	51	86	-15	9
423	-45	16034	88	74	-36	9
431	-37	16067	69	90	-36	9
412	-39	16040	50	94	-18	9
423	-43	16045	53	96	-18	9
427	-46	16050	43	115	-16	9
395	-28	16028	54	92	-13	9
413	-24	16028	81	76	-23	9
409	-52	16035	59	89	-26	9
428	-57	16031	51	98	-26	9
375	-39	16041	54	101	-28	9
394	-44	16067	53	95	-27	9
414	-32	16025	62	85	-26	9
405	-59	16040	74	84	-41	9
423	-38	16046	71	87	-16	9
427	-41	16047	55	90	-12	9
416	-39	16031	53	92	-12	9
391	-35	16044	62	91	-26	9
395	-27	16038	52	92	-21	9
414	-34	16065	70	93	-25	9
411	-32	16052	46	97	-8	9
393	-26	16031	55	99	-12	9
398	-19	16039	60	97	-16	9
390	-35	16076	53	90	-14	9
409	-17	16014	75	81	-19	9
435	-55	16056	77	89	-25	9
409	-35	16058	52	87	-14	9
401	-43	16047	56	94	-24	9
406	-35	16054	62	101	-17	9
397	-30	16074	54	106	-12	9
427	-43	16044	65	94	-25	9
380	-47	16034	83	93	-37	9
437	-45	16065	66	83	-19	9
385	-33	16076	62	94	-15	9
396	-33	16048	58	89	-18	9
427	-47	16078	75	86	-9	9
400	-41	16030	82	79	-6	9
409	-46	16025	66	97	-26	9
400	-34	16027	54	100	-30	9
405	-36	16027	45	95	-26	9
400	-34	16041	50	103	-12	9
401	-50	16094	54	89	-14	9
404	-51	16041	78	72	-31	9
403	-60	16031	69	93	-21	9
396	-45	16043	61	93	-19	9
430	-48	16039	60	93	-23	9
425	-39	16035	54	84	-13	9
379	-43	16014	60	84	-9	9
409	-55	16032	78	78	-22	9
424	-35	16043	66	84	-35	9
402	-32	16034	54	91	-26	9
428	-23	16023	61	110	-29	9
388	-40	16039	60	110	-18	9
409	-26	16041	61	85	-18	9
388	-38	16076	73	81	-23	9
398	-41	16022	54	98	-9	9
400	-39	16018	50	95	-15	9
394	-43	16040	48	100	-13	9
395	-29	16050	81	110	-20	9
396	-41	16022	66	100	-16	9
403	-33	16053	85	93	-25	9
418	-13	16039	61	103	-31	9
388	-39	16053	56	93	-26	9
397	-36	16048	51	90	-33	9
429	-41	16087	44	80	-33	9
410	-41	16026	58	63	-3	9
398	-44	16052	73	85	-6	9
419	-39	16070	66	103	-23	9
422	-23	16033	68	93	-16	9
398	-21	16005	55	87	-17	9
429	-39	16103	55	79	-25	9
403	-44	16038	63	74	-25	9
405	-41	16046	68	84	-24	9
404	-36	16077	46	97	-23	9
397	-38	16050	48	105	-16	9
426	-32	16038	44	104	-19	9
405	-56	16098	48	105	-24	9
415	-40	16030	82	95	-31	9
420	-35	16037	81	91	-38	9
429	-29	16029	77	79	-15	9
405	-33	16059	58	79	-22	9
423	-43	16078	59	79	-21	9
417	-49	16079	55	79	-27	9
400	-32	16033	63	74	-21	9
412	-47	16063	60	91	-23	9
408	-43	16052	40	93	-27	9
382	-42	16027	42	80	-23	9
399	-41	16043	51	82	-26	9
399	-49	16028	41	89	-14	9
411	-54	16030	63	80	-30	9
418	-32	16047	45	92	-27	9
404	-33	16065	47	79	-17	9
395	-33	16056	39	75	-11	9
388	-34	16039	50	91	-20	9
374	-47	16027	71	83	-26	9
410	-36	16042	74	83	-26	9
394	-29	16038	45	96	-18	9
405	-45	16042	51	104	-21	9
408	-57	16048	69	93	-30	9
411	-35	16036	60	92	-23	9
394	-46	16033	61	68	-5	9
405	-28	16048	78	72	-12	9
408	-32	16046	56	85	-28	9
425	-27	16053	53	85	-26	9
404	-46	16054	51	93	-18	9
400	-56	16056	54	102	-34	9
401	-55	16029	59	90	-19	9
403	-72	16029	84	95	-28	9
388	-63	16014	63	90	-24	9
411	-32	16025	47	81	-19	9
413	-31	16037	41	78	-4	9
414	-32	16071	36	84	-11	9
402	-22	16030	60	87	-14	9
396	-43	16060	78	98	-27	9
396	-24	16052	55	95	-17	9
394	-37	16026	61	105	-24	9
397	-44	16014	67	113	-22	9
427	-58	16095	55	99	-26	9
403	-25	16023	59	78	-26	9
405	-21	16031	53	90	-31	9
401	-43	16039	48	92	-15	9
394	-46	16050	58	96	-20	9
391	-29	16055	47	97	-23	9
404	-60	16123	49	95	-22	9
420	-33	16047	60	86	-24	9
395	-44	16049	60	99	-22	9
398	-52	16043	61	99	-24	9
397	-29	16042	76	99	-27	9
415	-47	16017	84	96	-18	9
405	-44	16045	70	87	-19	9
434	-35	16021	71	66	-16	9
400	-36	16044	60	75	-12	9
416	-37	16056	59	84	-13	9
416	-58	16047	51	93	-14	9
393	-39	16022	54	92	-19	9
397	-51	16046	62	64	-14	9
405	-34	16027	68	73	-23	9
408	-35	16036	59	104	-13	9
385	-45	16054	65	98	-5	9
412	-44	16049	49	87	-11	9
393	-61	16038	51	91	-23	9
405	-51	16015	54	86	-16	9
395	-52	16069	85	82	-24	9
390	-37	16040	43	93	-25	9
424	-45	16054	46	94	-24	9
433	-46	16047	52	80	-24	9
419	-39	16032	48	84	-19	9
419	-53	16031	58	86	-24	9
414	-36	16028	77	76	-27	9
408	-28	16022	60	89	-9	9
424	-39	16062	57	99	-11	9
424	-56	16063	51	92	-26	9
413	-33	16061	48	95	-27	9
416	-49	16074	65	71	-16	9
418	-42	16043	84	84	-37	9
399	-42	16036	67	92	-31	9
426	-34	16045	57	83	-18	9
421	-44	16052	56	92	-12	9
419	-57	16087	67	89	-7	9
393	-32	16026	79	78	-29	9
414	-27	16034	61	92	-35	9
404	-43	16061	63	97	-23	9
416	-50	16056	58	89	-21	9
414	-41	16045	50	94	-12	9
393	-31	16084	50	102	-20	9
413	-38	16042	67	82	-29	9
410	-34	16018	59	92	-36	9
393	-28	16018	46	87	-26	9
390	-43	16046	50	90	-17	9
403	-36	16032	60	86	-19	9
411	-44	16059	61	79	-26	9
384	-27	16047	87	71	-33	9
405	-28	16052	74	79	-33	9
408	-33	16068	55	83	-19	9
413	-50	16051	60	94	-13	9
373	-23	16038	41	101	-15	9
385	-30	16003	41	86	-22	9
423	-29	16028	64	83	-35	9
440	-48	16031	61	86	-30	9
421	-42	16046	57	91	-34	9
424	-35	16048	62	99	-36	9
411	-44	16038	68	100	-33	9
419	-48	16046	68	82	-12	9
412	-47	16055	83	71	-31	9
434	-41	16057	62	89	-22	9
425	-31	16024	63	97	-13	9
408	-26	16028	58	89	-9	9
397	-29	16032	60	93	-26	9
388	-62	16010	55	81	-16	9
399	-27	16051	79	92	-17	9
429	-30	16030	56	108	-16	9
393	-51	16058	41	94	-23	9
387	-38	16060	49	76	-21	9
407	-37	16038	57	76	-15	9
392	-45	16031	66	73	-16	9
424	-43	16037	86	87	-25	9
406	-23	16047	71	101	-17	9
397	-32	16050	44	95	-21	9
416	-45	16032	58	98	-18	9
411	-13	16068	53	99	-19	9
411	-35	16026	56	80	-16	9
406	-47	16056	54	92	-28	9
398	-41	16059	45	86	-28	9
423	-33	16077	51	84	-24	9
420	-34	16049	67	96	-20	9
404	-44	16108	77	81	-17	9
426	-23	16064	67	66	-17	9
407	-28	16033	81	73	-24	9
413	-24	16037	50	73	-10	9
417	-47	16059	49	79	-8	9
412	-39	16030	53	80	-14	9
421	-46	16086	41	86	-5	9
414	-50	16021	66	84	-23	9
405	-44	16020	70	85	-36	9
425	-53	16037	60	94	-30	9
413	-49	16036	52	92	-8	9
410	-41	16075	46	86	-18	9
401	-40	16073	42	84	-29	9
393	-20	16027	60	69	-26	9
407	-39	16066	50	86	-19	9
412	-37	16070	51	79	-16	9
396	-28	16040	59	90	-23	9
416	-55	16056	50	100	-27	9
383	-48	16032	41	85	-23	9
428	-45	16052	49	77	-29	9
422	-39	16038	43	81	-38	9
417	-44	16031	59	78	-25	9
409	-32	16030	71	81	-17	9
402	-37	16054	71	92	-30	9
404	-56	16021	58	92	-26	9
410	-57	16051	87	86	-27	9
391	-33	16037	81	90	-25	9
388	-48	16041	70	93	-14	9
399	-47	16016	69	106	-11	9
419	-48	16025	62	103	-11	9
400	-29	16016	56	79	-10	9
401	-38	16036	67	79	-18	9
397	-35	16036	48	89	-22	9
409	-29	16033	58	96	-4	9
403	-29	16022	53	99	-16	9
414	-35	16074	63	92	-26	9
391	-35	16023	75	88	-15	9
394	-43	16070	66	98	-41	9
398	-36	16047	62	94	-36	9
400	-49	16044	61	95	-16	9
386	-47	16053	68	93	-21	9
381	-33	16112	65	94	-27	9
403	-45	16023	73	74	-25	9
410	-39	16079	76	88	-10	9
425	-53	16040	66	86	-8	9
396	-50	16036	64	92	-22	9
413	-34	16064	66	84	-15	9
428	-49	16119	53	84	-8	9
436	-45	16026	61	80	-15	9
406	-55	16032	73	90	-39	9
425	-50	16048	62	95	-25	9
426	-39	16060	46	76	-19	9
417	-42	16058	56	82	-22	9
409	-57	16111	68	74	-18	9
401	-42	16035	89	70	-9	9
409	-52	16054	71	97	-9	9
424	-66	16059	61	97	-17	9
410	-48	16050	66	96	-16	9
402	-29	16040	63	95	-18	9
385	-47	16015	55	98	-18	9
387	-30	16058	73	90	-13	9
410	-37	16046	62	90	-25	9
405	-27	16036	43	95	-20	9
383	-51	16048	47	85	-12	9
403	-31	16049	58	87	-11	9
377	-33	16016	57	79	-19	9
399	-34	16049	73	79	-27	9
408	-38	16030	71	86	-23	9
393	-60	16034	58	87	-11	9
406	-49	16056	49	93	-21	9
407	-41	16070	48	87	-28	9
405	-42	16038	50	74	-23	9
407	-33	16061	85	76	-23	9
404	-34	16049	64	86	-17	9
404	-29	16026	58	95	-15	9
411	-52	16025	44	84	-4	9
419	-32	16032	53	80	1	9
420	-39	16025	72	71	-18	9
406	-31	16032	105	86	-36	9
404	-32	16027	66	87	-29	9
400	-23	16034	56	100	-29	9
408	-36	16034	59	102	-24	9
411	-31	16059	57	94	-16	9
422	-18	16030	69	83	-18	9
394	-46	16068	75	96	-35	9
394	-38	16047	60	99	-31	9
402	-53	16045	51	98	-31	9
398	-62	16046	46	96	-11	9
407	-56	16098	54	90	-22	9
413	-35	16049	72	66	-18	9
410	-60	16052	70	86	-18	9
408	-49	16032	60	84	-34	9
404	-48	16026	54	80	-34	9
422	-31	16060	54	98	-17	9
374	-32	16094	63	98	-30	9
426	-27	16065	80	77	-36	9
426	-51	16039	74	97	-40	9
396	-39	16027	49	107	-25	9
426	-24	16052	67	109	-15	9
394	-26	16029	55	99	-15	9
421	-52	16061	57	99	-18	9
423	-41	16036	87	78	-28	9
418	-27	16045	76	76	-27	9
427	-50	16049	66	72	-23	9
416	-33	16042	68	89	-20	9
420	-38	16043	60	99	-25	9
397	-37	16022	54	83	-29	9
407	-43	16048	73	91	-31	9
408	-35	16046	65	110	-28	9
394	-53	16023	53	100	-25	9
418	-39	16060	56	82	-22	9
414	-28	16043	42	83	-13	9
407	-43	16025	53	98	-7	9
403	-27	16024	76	89	-28	9
404	-38	16056	56	84	-14	9
390	-56	16054	45	92	-6	9
404	-38	16037	51	93	-13	9
414	-42	16048	59	81	-19	9
410	-24	16011	61	85	-18	9
398	-41	16033	81	79	-29	9
391	-33	16028	67	79	-20	9
411	-21	16061	63	81	-20	9
432	-40	16053	61	76	-18	9
422	-33	16083	51	91	-30	9
397	-40	16025	58	79	-18	9
390	-40	16029	71	86	-23	9
408	-31	16041	53	86	-16	9
415	-36	16010	55	78	-21	9
408	-39	16018	53	87	-11	9
422	-27	16108	52	96	-18	9
419	-43	16050	64	88	-23	9
413	-37	16039	77	84	-35	9
413	-54	16033	65	91	-18	9
413	-36	16078	54	80	-13	9
398	-47	16051	51	92	-11	9
375	-45	16093	52	96	-13	9
420	-31	16032	70	82	-24	9
409	-48	16052	62	86	-18	9
399	-49	16020	44	83	-16	9
406	-39	16026	58	88	-22	9
383	-19	16041	58	91	-18	9
399	-32	16061	61	103	-25	9
405	-20	16026	80	75	-38	9
405	-12	16038	83	82	-43	9
399	-24	16016	74	94	-22	9
396	-40	16037	55	95	-21	9
412	-33	16042	47	84	-29	9
385	-47	16063	34	70	-29	9
421	-42	16032	62	66	-24	9
417	-40	16056	54	70	-8	9
399	-27	16038	59	82	-10	9
412	-36	16023	53	88	-4	9
411	-36	16059	59	83	-4	9
403	-38	16011	55	82	-4	9
399	-31	16045	67	76	-7	9
411	-46	16035	60	95	-7	9
407	-39	16043	60	95	-16	9
421	-40	16043	42	89	-25	9
420	-36	16032	42	97	-27	9
407	-43	16022	58	88	-25	9
400	-48	16038	79	74	-28	9
396	-55	16032	63	71	-27	9
417	-41	16053	61	82	-32	9
420	-51	16045	50	69	-27	9
400	-44	16058	45	79	-19	9
412	-46	16040	54	70	-16	9
408	-52	16021	63	77	-32	9
408	-37	16029	53	95	-25	9
426	-44	16066	50	91	-11	9
397	-66	16032	60	78	-8	9
406	-29	16112	54	82	-31	9
410	-40	16024	55	71	-36	9
415	-57	16028	68	69	-36	9
394	-51	16053	45	88	-24	9
405	-41	16035	36	88	-21	9
418	-54	16037	44	80	-30	9
397	-36	16082	39	91	-35	9
397	-56	16028	64	83	-29	9
412	-47	16036	60	96	-29	9
417	-45	16049	40	95	-16	9
419	-23	16042	57	99	-17	9
417	-42	16055	67	94	-13	9
412	-34	16049	72	95	-17	9
395	-37	16036	83	91	-34	9
413	-44	16051	56	99	-26	9
410	-36	16051	49	86	-14	9
410	-26	16059	54	81	-12	9
418	-38	16050	67	83	-12	9
412	-47	16042	60	76	-19	9
412	-42	16042	74	88	-26	9
412	-48	16033	52	98	-32	9
404	-30	16034	51	87	-30	9
401	-29	16067	50	75	-23	9
394	-47	16037	55	87	-24	9
407	-43	16038	78	90	-27	9
413	-38	16035	77	75	-24	9
403	-22	16054	50	103	-26	9
425	-40	16055	35	96	-24	9
407	-39	16068	54	86	-19	9
406	-56	16045	50	78	-21	9
405	-55	16017	44	79	-19	9
414	-57	16037	64	64	-24	9
385	-35	16032	50	90	-19	9
404	-51	16047	28	91	-14	9
399	-34	16055	40	91	-24	9
431	-30	16054	40	93	-35	9
396	-42	16033	47	79	-14	9
406	-52	16043	76	90	-29	9
410	-26	16062	50	97	-29	9
414	-50	16069	60	87	-27	9
400	-58	16041	58	93	-22	9
409	-27	16070	63	95	-12	9
420	-64	16008	51	76	-28	9
407	-38	16044	72	86	-27	9
404	-27	16033	60	88	-17	9
411	-38	16039	56	91	-16	9
410	-47	16074	62	92	-17	9
407	-29	16105	56	92	-13	9
416	-37	16041	61	80	-9	9
412	-31	16051	49	88	-38	9
386	-43	16020	41	86	-28	9
417	-27	16041	47	91	-18	9
384	-48	16052	45	97	-16	9
391	-52	16089	47	86	-22	9
410	-46	16032	71	67	-25	9
408	-32	16038	76	77	-22	9
406	-36	16065	59	77	-20	9
394	-35	16050	52	93	-21	9
386	-28	16027	59	96	-17	9
401	-42	16061	55	77	-18	9
390	-37	16048	57	78	-17	9
390	-45	16024	55	98	-25	9
429	-45	16065	48	94	-12	9
386	-48	16040	53	102	-23	9
425	-31	16060	49	89	-34	9
405	-50	16032	43	80	-30	9
407	-40	16024	68	81	-23	9
428	-41	16071	64	82	-17	9
405	-48	16036	59	88	-29	9
425	-20	16025	42	90	-19	9
425	-44	16040	39	87	-27	9
387	-44	16003	50	80	-29	9
395	-37	16035	63	69	-30	9
387	-41	16045	57	80	-24	9
411	-30	16053	44	88	-28	9
415	-47	16059	50	91	-32	9
406	-37	16056	47	90	-21	9
382	-47	16026	67	80	-15	9
414	-53	16023	83	79	-22	9
409	-50	16019	52	84	-27	9
391	-39	16048	42	78	-16	9
403	-41	16059	57	99	-15	9
390	-41	16054	48	92	-26	9
413	-46	16026	48	78	-20	9
379	-42	16044	65	84	-30	9
423	-27	16048	34	86	-22	9
398	-27	16044	33	99	-30	9
393	-41	16030	41	101	-22	9
413	-39	16066	47	90	-13	9
424	-53	16041	65	73	-26	9
420	-44	16054	79	94	-28	9
396	-34	16058	57	100	-32	9
404	-43	16044	65	93	-24	9
389	-21	16037	55	94	-25	9
416	-25	16131	38	77	-24	9
399	-41	16046	49	69	-32	9
417	-32	16030	56	73	-34	9
401	-29	16055	70	74	-21	9
384	-27	16064	65	101	-23	9
401	-35	16031	49	91	-31	9
417	-59	16078	51	85	-16	9
408	-46	16035	82	82	-18	9
406	-31	16040	67	84	-23	9
410	-42	16027	57	76	-39	9
411	-43	16050	61	89	-32	9
393	-45	16033	58	85	-26	9
386	-44	16025	65	77	-20	9
412	-39	16058	94	67	-22	9
389	-51	16030	62	89	-22	9
390	-56	16042	47	92	-26	9
423	-44	16058	49	86	-20	9
409	-42	16032	49	85	-20	9
393	-37	16010	57	83	-12	9
396	-45	16028	63	87	-25	9
409	-35	16037	60	91	-29	9
395	-35	16031	57	88	-23	9
423	-43	16046	46	93	-16	9
413	-42	16055	60	86	-18	9
443	-23	16029	65	72	-18	9
413	-34	16033	78	84	-35	9
419	-52	16031	62	93	-36	9
392	-40	16058	48	100	-22	9
407	-26	16058	49	91	-19	9
412	-18	16041	54	84	-24	9
397	-32	16025	66	79	-20	9
400	-28	16025	84	76	-32	9
372	-39	16039	49	81	-25	9
417	-34	16051	50	75	-21	9
390	-42	16067	38	79	-15	9
387	-40	16065	50	105	-16	9
397	-26	16031	65	82	-21	9
403	-32	16025	60	86	-23	9
381	-41	16050	53	100	-11	9
394	-53	16043	47	96	-7	9
408	-24	16041	44	95	-9	9
414	-43	16114	50	90	-17	9
412	-47	16014	71	74	-31	9
425	-53	16049	76	75	-34	9
408	-62	16056	70	76	-16	9
408	-55	16044	67	67	-22	9
411	-28	16042	57	73	-28	9
417	-41	16119	60	98	-18	9
404	-39	16032	72	81	-25	9
419	-33	16036	82	87	-29	9
428	-46	16032	65	101	-38	9
420	-46	16043	44	95	-17	9
406	-47	16036	56	90	-21	9
385	-37	16057	60	87	-15	9
397	-45	16032	70	68	-25	9
399	-39	16046	70	70	-29	9
404	-35	16046	56	80	-23	9
381	-37	16028	41	77	-16	9
389	-43	16020	59	83	-15	9
389	-52	16010	59	87	-5	9
412	-40	16049	73	81	-5	9
402	-50	16057	52	84	-8	9
412	-42	16034	39	86	-18	9
405	-50	16056	59	93	-12	9
408	-33	16049	55	87	-21	9
399	-39	16043	40	75	-7	9
392	-38	16021	58	70	-20	9
398	-39	16042	52	82	-24	9
391	-47	16040	45	76	-23	9
385	-54	16063	58	81	-23	9
395	-35	16069	75	81	-27	9
401	-43	16021	51	75	-17	9
409	-40	16051	55	75	-27	9
439	-34	16038	43	84	-20	9
414	-47	16061	52	85	-22	9
424	-29	16017	56	90	-36	9
422	-40	16060	56	75	-31	9
399	-45	16031	67	65	-35	9
395	-24	16030	64	88	-38	9
424	-34	16065	58	90	-16	9
382	-61	16027	58	71	-21	9
400	-24	16047	57	79	-21	9
416	-50	16099	57	86	-12	9
399	-56	16009	68	74	-11	9
390	-42	16033	79	81	-18	9
383	-39	16050	58	78	-19	9
390	-34	16047	49	89	-23	9
397	-33	16047	40	91	-18	9
380	-45	16083	43	83	1	9
384	-30	16013	63	70	-4	9
406	-55	16024	66	90	-20	9
405	-42	16053	45	91	-25	9
406	-52	16070	53	93	-28	9
410	-19	16046	61	91	-30	9
406	-51	16081	52	89	-23	9
398	-34	16062	72	84	-22	9
405	-50	16059	63	101	-32	9
415	-40	16046	52	86	-27	9
398	-53	16068	54	89	-29	9
389	-43	16026	64	96	-27	9
369	-28	16036	64	89	-13	9
427	-31	16038	78	75	-22	9
413	-50	16068	48	92	-32	9
413	-51	16053	63	91	-22	9
412	-25	16036	52	85	-21	9
405	-32	16053	45	85	-26	9
387	-49	16027	66	92	-21	9
395	-39	16053	75	81	-36	9
404	-53	16056	55	85	-33	9
400	-51	16058	54	91	-34	9
385	-47	16052	51	97	-36	9
418	-48	16049	70	86	-36	9
414	-57	16025	68	65	-33	9
397	-38	16059	70	63	-25	9
415	-44	16048	60	70	-23	9
417	-42	16068	57	71	-36	9
405	-39	16059	53	77	-34	9
393	-47	16034	50	97	-32	9
381	-22	16009	71	76	-20	9
390	-37	16042	88	76	-31	9
411	-45	16031	67	82	-32	9
422	-43	16053	59	89	-18	9
389	-37	16045	53	95	-19	9
384	-40	16060	55	90	-23	9
407	-43	16003	55	85	-10	9
407	-48	16032	71	79	-34	9
405	-38	16053	62	84	-32	9
412	-50	16038	57	94	-26	9
410	-51	16051	75	92	-29	9
395	-47	16084	63	104	-31	9
416	-42	16038	76	85	-20	9
394	-18	16034	56	86	-41	9
416	-24	16031	48	84	-30	9
418	-40	16027	55	84	-18	9
407	-43	16049	48	89	-17	9
387	-34	16069	54	93	-31	9
406	-38	16044	68	72	-56	9
396	-50	16036	73	77	-37	9
393	-35	16035	58	80	-23	9
404	-44	16061	57	79	-14	9
398	-50	16038	48	90	-14	9
422	-67	16036	55	91	-17	9
405	-20	16032	78	85	-21	9
395	-37	16062	66	81	-21	9
385	-26	16038	64	86	-4	9
402	-38	16048	66	90	-13	9
416	-38	16060	50	89	-15	9
383	-56	16044	63	80	-13	9
404	-41	16059	75	93	-22	9
404	-51	16057	59	93	-22	9
396	-44	16037	46	85	-17	9
396	-53	16017	62	88	-13	9
414	-20	16047	72	103	-20	9
409	-51	16018	67	77	-16	9
421	-38	16026	71	71	-21	9
414	-28	16024	46	76	-34	9
407	-36	16055	59	75	-30	9
423	-26	16046	55	73	-24	9
401	-48	16042	56	89	-15	9
390	-51	16006	72	79	-26	9
415	-36	16020	81	76	-38	9
404	-43	16018	49	86	-24	9
404	-56	16054	35	83	-18	9
410	-47	16034	53	80	-19	9
416	-28	16075	52	87	-24	9
408	-40	16041	62	72	-25	9
411	-33	16064	77	93	-15	9
413	-30	16051	73	99	-15	9
410	-21	16061	58	88	-20	9
410	-25	16036	62	92	-29	9
401	-42	16085	56	81	-21	9
414	-40	16024	65	68	-22	9
419	-41	16028	57	86	-16	9
397	-26	16035	41	86	-16	9
405	-40	16063	60	85	-13	9
392	-35	16043	66	93	-12	9
404	-40	16088	68	89	-23	9
421	-32	16043	75	76	-22	9
411	-48	16040	65	82	-18	9
397	-32	16057	64	85	-13	9
408	-41	16016	61	79	-21	9
402	-40	16049	50	83	-24	9
428	-49	16063	62	83	-24	9
403	-38	16066	70	75	-22	9
383	-27	16038	64	78	-30	9
411	-44	16062	47	86	-28	9
396	-39	16048	57	90	-9	9
390	-45	16060	60	84	-13	9
380	-50	16046	53	86	-14	9
379	-25	16031	75	91	-35	9
401	-31	16050	60	96	-11	9
407	-43	16017	45	93	-13	9
415	-43	16036	56	98	-17	9
414	-41	16016	48	88	-15	9
404	-16	16030	43	69	-26	9
429	-35	16048	68	83	-34	9
395	-33	16043	49	90	-25	9
415	-42	16065	50	91	-16	9
405	-54	16034	61	91	-21	9
373	-29	16042	54	92	-15	9
398	-19	16011	42	82	-20	9
423	-43	16027	62	71	-28	9
419	-33	16047	59	82	-33	9
404	-47	16052	56	79	-30	9
408	-32	16057	43	79	-33	9
389	-53	16046	53	82	-32	9
405	-48	16041	68	78	-17	9
402	-41	16039	73	90	-23	9
397	-52	16039	59	89	-32	9
410	-38	16026	61	89	-24	9
412	-52	16027	55	91	-15	9
403	-46	16072	52	94	-14	9
427	-29	16036	49	67	-15	9
422	-30	16059	57	78	-19	9
385	-32	16040	50	82	-27	9
402	-26	16054	48	79	-22	9
389	-31	16048	45	78	-25	9
384	-32	16083	58	79	-23	9
396	-49	16038	65	59	-28	9
411	-45	16026	67	84	-22	9
389	-49	16023	67	95	-17	9
413	-37	16017	58	99	-20	9
394	-57	16024	51	92	-26	9
410	-53	16091	45	93	-29	9
395	-33	16053	58	79	-28	9
397	-38	16067	67	93	-22	9
408	-36	16048	50	92	-22	9
408	-62	16060	64	88	-31	9
396	-46	16035	61	96	-25	9
419	-30	16038	56	83	-21	9
394	-40	16018	83	78	-32	9
399	-48	16016	64	84	-26	9
415	-57	16030	53	84	-26	9
392	-36	16038	45	95	-21	9
398	-34	16043	47	78	-19	9
404	-37	16058	53	78	-32	9
388	-47	16039	73	86	-32	9
384	-43	16060	70	93	-21	9
394	-35	16051	63	86	-23	9
412	-36	16049	61	82	-19	9
389	-32	16018	63	95	-11	9
382	-49	16001	47	98	-16	9
388	-62	16037	71	88	-36	9
385	-35	16036	59	89	-19	9
393	-33	16055	55	87	-14	9
402	-53	16082	48	96	-30	9
378	-29	16056	50	102	-30	9
391	-13	16022	57	97	-19	9
399	-34	16033	78	91	-31	9
395	-30	16028	49	81	-30	9
400	-51	16048	51	86	-28	9
376	-23	16033	50	91	-16	9
398	-39	16064	45	97	-4	9
424	-60	16057	59	87	-13	9
409	-32	16047	69	85	-27	9
399	-43	16034	57	86	-37	9
397	-24	16053	63	81	-22	9
440	-46	16068	78	86	-11	9
395	-43	16100	76	98	-9	9
392	-36	16036	66	84	-17	9
404	-33	16035	65	101	-40	9
412	-61	16046	57	97	-27	9
434	-52	16044	54	87	-20	9
405	-55	16028	58	92	-28	9
436	-50	16085	55	92	-19	9
407	-43	16032	73	84	-27	9
409	-29	16064	51	91	-37	9
424	-39	16052	38	87	-19	9
408	-43	16038	51	89	-22	9
422	-41	16032	42	85	-27	9
415	-41	16044	48	85	-27	9
420	-51	16045	65	80	-29	9
392	-26	16037	57	73	-44	9
397	-58	16026	30	81	-28	9
393	-42	16039	46	79	-26	9
427	-49	16056	63	76	-28	9
408	-49	16027	68	78	-14	9
403	-42	16023	87	75	-34	9
414	-45	16052	58	83	-20	9
417	-36	16028	47	97	-11	9
423	-48	16029	50	96	-24	9
409	-36	16055	64	101	-29	9
405	-39	16026	58	60	-13	9
399	-30	16051	74	78	-22	9
388	-22	16055	57	89	-24	9
408	-40	16034	54	82	0	9
393	-57	16057	50	81	-12	9
401	-32	16070	47	90	-27	9
390	-31	16017	55	77	-35	9
408	-36	16057	70	76	-28	9
401	-25	16029	54	85	-17	9
413	-36	16055	47	81	-13	9
401	-49	16048	52	77	-12	9
410	-40	16054	59	87	-21	9
399	-43	16030	81	70	-25	9
409	-34	16056	71	70	-28	9
397	-46	16070	40	94	-21	9
413	-26	16062	59	94	-19	9
427	-26	16042	67	103	-31	9
420	-54	16101	63	101	-34	9
405	-38	16032	62	85	-34	9
419	-30	16023	66	101	-32	9
406	-45	16029	60	94	-14	9
424	-41	16041	56	93	-11	9
397	-31	16032	57	100	-12	9
372	-42	16083	50	81	-16	9
395	-46	16026	63	64	-16	9
405	-27	16048	72	78	-29	9
406	-57	16033	52	87	-21	9
400	-26	16033	52	106	-26	9
404	-48	16056	41	96	-16	9
425	-54	16069	42	89	-34	9
405	-42	16031	69	81	-33	9
402	-49	16039	67	90	-24	9
408	-36	16037	59	83	-14	9
394	-43	16061	57	83	-9	9
400	-30	16052	53	91	-33	9
410	-53	16035	71	92	-21	9
405	-40	16045	82	72	-21	9
412	-38	16055	70	96	-22	9
435	-27	16044	57	106	-38	9
401	-18	16040	59	96	-32	9
397	-38	16058	54	83	-11	9
393	-28	15997	57	72	-12	9
419	-42	16058	73	69	-23	9
414	-42	16054	44	93	-36	9
416	-33	16050	52	100	-33	9
404	-43	16034	70	93	-22	9
392	-21	16024	64	86	-28	9
403	-51	16026	58	84	-20	9
393	-38	16071	66	81	-23	9
395	-32	16036	59	92	-24	9
412	-32	16038	56	85	-21	9
404	-34	16032	49	86	-18	9
412	-51	16060	57	91	-18	9
397	-71	16026	68	74	-16	9
397	-41	16040	68	73	-16	9
399	-58	16048	50	91	-26	9
422	-51	16025	54	86	-41	9
386	-45	16045	57	85	-37	9
410	-17	16081	56	83	-20	9
425	-37	16066	64	87	-20	9
406	-29	16058	77	82	-25	9
408	-39	16060	44	78	-19	9
411	-40	16042	53	81	-20	9
424	-42	16025	58	89	-26	9
406	-30	16081	51	81	-13	9
413	-36	16021	63	70	-23	9
411	-28	16041	85	73	-26	9
407	-44	16018	54	74	-10	9
420	-37	16021	52	74	-21	9
411	-23	16059	42	69	-29	9
411	-34	16109	51	68	-31	9
391	-44	16059	76	68	-32	9
406	-33	16051	62	90	-30	9
381	-38	16043	49	97	-30	9
384	-36	16023	74	94	-28	9
416	-33	16024	57	85	-20	9
383	-24	16040	55	80	-17	9
396	-29	16016	79	65	-27	9
392	-50	16034	67	85	-14	9
399	-47	16067	48	78	-8	9
380	-33	16059	46	67	-22	9
383	-37	16050	51	73	-18	9
396	-42	16030	48	64	-20	9
390	-50	16013	78	78	-31	9
418	-41	16018	63	89	-22	9
417	-43	16016	50	101	-15	9
421	-54	16048	42	85	-20	9
427	-32	16028	56	79	-26	9
407	-35	16031	54	69	-22	9
428	-40	16037	79	75	-21	9
428	-45	16048	71	81	-13	9
392	-42	16062	76	88	-19	9
417	-39	16064	66	79	-17	9
425	-47	16048	47	87	-20	9
407	-40	16003	61	91	-27	9
421	-43	15991	87	90	-32	9
422	-48	16020	60	84	-15	9
402	-43	16062	44	77	-26	9
396	-28	16050	36	76	-26	9
427	-32	16087	53	86	-15	9
384	-32	16044	59	82	-17	9
383	-24	16057	62	95	-27	9
388	-61	16042	57	104	-20	9
388	-46	16014	47	93	-15	9
387	-47	16025	54	95	-20	9
432	-46	16091	54	90	-26	9
403	-32	16042	56	71	-27	9
390	-30	16025	60	77	-32	9
396	-26	16059	51	83	-24	9
402	-49	16083	59	86	-19	9
384	-35	16067	58	86	-18	9
421	-40	16117	56	86	-20	9
409	-36	16038	76	84	-20	9
408	-33	16076	77	97	-25	9
424	-31	16026	70	96	-35	9
421	-35	16019	57	94	-33	9
411	-46	16032	50	83	-34	9
399	-34	16065	50	76	-12	9
412	-36	16024	74	66	-7	9
411	-41	16053	67	89	-14	9
402	-41	16041	49	107	-14	9
395	-36	16058	57	87	-19	9
406	-33	16049	64	95	-17	9
393	-39	16012	69	103	-12	9
413	-48	16023	96	106	-23	9
401	-53	16019	82	112	-17	9
381	-59	16036	62	90	-17	9
412	-51	16025	47	90	-23	9
411	-57	16044	48	98	-28	9
410	-58	16021	57	87	-7	9
412	-41	16071	79	74	-7	9
399	-45	16078	67	90	-16	9
380	-30	16040	71	102	-19	9
398	-38	16025	56	109	-14	9
380	-34	16034	50	109	-19	9
409	-43	16006	57	80	-16	9
401	-46	16031	72	79	-30	9
403	-38	16024	59	98	-24	9
419	-60	16028	66	95	-26	9
404	-38	16055	75	99	-42	9
397	-19	16076	59	97	-38	9
395	-22	16012	46	90	-26	9
407	-20	16032	62	101	-35	9
431	-61	16045	60	107	-33	9
409	-29	16032	71	83	-11	9
409	-37	16016	68	84	-10	9
392	-20	16053	60	86	-7	9
408	-28	16040	57	77	-16	9
408	-38	16046	45	83	-30	9
382	-33	16043	46	83	-16	9
392	-30	16065	48	88	-1	9
402	-42	16086	41	102	-9	9
401	-51	16090	39	101	-10	9
420	-32	16048	62	85	-16	9
420	-38	16025	67	80	-24	9
417	-27	16050	49	78	-28	9
400	-29	16039	45	76	-29	9
396	-53	16036	47	88	-24	9
421	-55	16094	59	83	-21	9
417	-52	16044	58	74	-24	9
406	-31	16045	50	95	-25	9
402	-41	16070	53	100	-30	9
409	-45	16037	46	93	-21	9
417	-45	16046	61	102	-34	9
394	-32	16024	67	91	-34	9
412	-53	16030	86	95	-24	9
413	-54	16047	57	88	-13	9
430	-32	16048	31	84	-19	9
411	-25	16038	45	98	-20	9
393	-39	16040	61	88	-27	9
410	-32	16043	53	71	-13	9
430	-48	16054	68	80	-25	9
398	-40	16044	55	89	-25	9
395	-46	16025	49	91	-21	9
411	-62	16031	48	90	-11	9
401	-54	16041	62	108	-17	9
400	-47	16033	61	80	-12	9
404	-38	16052	75	75	-33	9
403	-39	16065	54	89	-35	9
391	-43	16075	55	95	-28	9
402	-25	16055	53	85	-23	9
397	-36	16057	47	93	-23	9
399	-46	16027	63	81	-24	9
405	-40	16043	68	82	-23	9
398	-50	16056	49	83	-20	9
398	-36	16047	53	95	-21	9
405	-49	16063	51	81	-24	9
406	-35	16067	32	77	-11	9
397	-33	16042	56	75	-11	9
392	-23	16062	78	89	-23	9
402	-45	16064	47	102	-22	9
399	-43	16045	64	99	-19	9
418	-40	16058	55	97	-14	9
424	-66	16104	39	92	-7	9
409	-45	16027	62	75	-23	9
403	-34	16036	70	88	-18	9
410	-50	16053	38	88	-14	9
411	-47	16029	48	83	-33	9
390	-31	16053	43	80	-24	9
384	-38	16091	47	77	-25	9
409	-33	16051	64	67	-23	9
388	-37	16043	71	86	-22	9
404	-41	16059	57	91	-11	9
389	-57	16022	55	85	-28	9
410	-45	16039	56	96	-30	9
411	-39	16057	58	93	-18	9
399	-32	16055	65	74	-17	9
392	-37	16035	69	82	-18	9
392	-49	16039	42	96	-16	9
409	-52	16063	50	99	-13	9
401	-39	16037	59	93	-27	9
402	-62	16037	63	82	-27	9
409	-64	16035	80	80	-17	9
419	-31	16032	63	97	-21	9
403	-32	16041	52	97	-22	9
403	-33	16030	61	92	-16	9
406	-28	16029	62	76	-11	9
381	-43	16022	66	80	-31	9
398	-35	16035	85	97	-37	9
404	-28	16050	56	99	-33	9
407	-38	16038	68	90	-15	9
395	-28	16040	65	96	-14	9
416	-20	16028	57	79	-20	9
407	-47	16029	52	79	-12	9
404	-40	16033	86	88	-15	9
392	-21	16031	62	99	-29	9
401	-25	16045	61	88	-26	9
381	-49	16062	57	77	-26	9
390	-34	16102	61	80	-14	9
393	-50	16032	50	67	-26	9
408	-57	16045	74	85	-31	9
388	-40	16035	62	96	-26	9
398	-36	16025	72	89	-28	9
397	-54	16026	59	86	-33	9
393	-55	16091	41	79	-24	9
396	-41	16032	74	72	-28	9
392	-51	16051	73	93	-38	9
417	-29	16044	59	88	-34	9
402	-39	16038	51	86	-16	9
389	-52	16032	49	78	-4	9
415	-34	16070	53	79	-1	9
418	-59	16028	81	65	-8	9
404	-34	16036	63	85	-18	9
427	-36	16062	52	91	-18	9
398	-40	16051	46	96	-15	9
407	-39	16055	33	81	-11	9
429	-67	16090	49	79	-13	9
406	-35	16035	77	74	-27	9
400	-30	16046	70	90	-27	9
419	-21	16056	47	76	-16	9
411	-19	16035	61	81	-3	9
402	-42	16066	61	80	-8	9
394	-41	16033	62	79	-18	9
412	-47	16049	87	80	-24	9
405	-35	16027	67	73	-29	9
402	-37	16026	59	82	-17	9
403	-31	16027	51	85	-16	9
385	-19	16038	63	88	-22	9
395	-36	16019	52	82	-24	9
416	-39	16054	71	82	-29	9
410	-20	16058	54	81	-27	9
385	-33	16028	51	74	-19	9
389	-41	16040	45	75	-19	9
400	-56	16040	56	95	-27	9
383	-33	16017	60	82	-29	9
403	-42	16068	57	72	-26	9
401	-40	16046	31	85	-22	9
388	-34	16055	47	90	-11	9
408	-40	16034	63	88	-16	9
406	-60	16048	55	103	-19	9
390	-45	16025	63	76	-23	9
413	-43	16040	69	84	-25	9
403	-57	16027	54	89	-17	9
412	-54	16038	63	87	-18	9
399	-63	16035	68	85	-16	9
429	-56	16081	63	78	-10	9
428	-48	16026	75	55	-11	9
408	-27	16040	73	76	-24	9
401	-42	16045	54	86	-28	9
401	-54	16032	36	89	-24	9
417	-52	16055	52	84	-10	9
426	-44	16113	52	92	-12	9
430	-64	16021	62	92	-22	9
401	-44	16009	73	110	-21	9
378	-39	16047	73	107	-19	9
419	-40	16041	60	92	-12	9
402	-23	16040	58	86	-15	9
381	-25	16058	45	66	-28	9
404	-32	16036	63	66	-28	9
397	-22	16042	54	82	-22	9
388	-38	16030	37	77	-23	9
392	-40	16066	43	79	-19	9
383	-33	16035	44	95	-32	9
407	-32	16034	50	91	-28	9
394	-31	16041	75	85	-31	9
389	-30	16032	59	95	-31	9
405	-30	16035	49	97	-25	9
400	-34	16070	56	97	-15	9
392	-35	16032	48	95	-12	9
405	-48	16039	50	87	-13	9
396	-33	16021	84	79	-30	9
405	-41	16055	70	90	-28	9
421	-38	16023	64	91	-27	9
419	-41	16046	57	102	-26	9
415	-29	16028	46	85	-19	9
390	-37	16011	41	73	-23	9
419	-44	16034	76	94	-38	9
415	-35	16052	60	100	-31	9
410	-46	16043	56	98	-17	9
400	-41	16041	47	87	-13	9
394	-36	16043	57	85	-15	9
407	-36	16021	54	71	-17	9
399	-39	16057	70	74	-25	9
405	-27	16042	52	76	-34	9
398	-60	16058	56	79	-26	9
394	-27	16025	56	77	-19	9
398	-34	16046	44	79	-9	9
412	-35	16011	64	70	-8	9
419	-43	16074	80	86	-32	9
419	-52	16052	64	90	-31	9
408	-47	16029	51	95	-17	9
415	-27	16060	53	84	-21	9
403	-35	16068	60	76	-32	9
402	-31	16033	77	72	-20	9
399	-28	16035	64	83	-8	9
410	-37	16038	61	84	-19	9
417	-38	16050	76	102	-13	9
404	-49	16041	64	88	-30	9
427	-40	16105	63	93	-22	9
381	-40	16061	75	82	-23	9
391	-25	16053	68	84	-8	9
399	-41	16049	61	82	-11	9
392	-22	16055	71	85	-28	9
383	-34	16058	62	91	-18	9
375	-34	16027	60	92	-18	9
401	-40	16056	76	89	-31	9
418	-43	16047	58	82	-28	9
414	-17	16052	50	83	-18	9
398	-46	16007	49	83	-21	9
412	-49	16023	61	85	-15	9
393	-64	16011	56	74	-17	9
391	-35	16052	73	65	-21	9
400	-42	16049	79	83	-24	9
422	-41	16038	70	100	-19	9
392	-58	16046	58	85	-31	9
388	-45	16058	56	70	-29	9
426	-33	16019	51	77	-22	9
427	-47	16040	81	71	-18	9
432	-53	16027	69	87	-29	9
403	-42	16034	61	86	-35	9
399	-44	16031	55	86	-25	9
410	-50	16015	60	94	-25	9
415	-57	16003	58	76	-15	9
402	-40	16054	77	81	-28	9
409	-46	16034	62	92	-19	9
419	-48	16060	57	84	-24	9
407	-39	16046	61	79	-24	9
426	-43	16057	47	76	-19	9
410	-33	16023	55	65	-26	9
408	-34	16058	72	79	-22	9
388	-25	16045	61	93	-16	9
384	-38	16045	51	94	-15	9
395	-39	16028	41	93	-19	9
375	-35	16064	43	91	-21	9
404	-38	16010	69	61	-34	9
408	-26	16029	82	78	-39	9
424	-47	16034	61	80	-21	9
402	-52	16036	58	90	-27	9
386	-26	16040	65	82	-26	9
413	-34	16128	60	82	-20	9
384	-20	16050	70	72	-17	9
414	-40	16069	72	88	-31	9
415	-48	16053	62	92	-27	9
395	-27	16022	67	89	-27	9
