-445	129	16126	24	174	-36	4
-442	147	16105	38	125	-26	4
-437	127	16117	54	60	-29	4
-480	122	15969	71	-2	-21	4
-521	123	15936	82	-12	-29	4
-545	134	15907	66	7	-28	4
-563	130	15934	52	63	-33	4
-518	133	15993	44	130	-33	4
-471	130	16156	46	168	-30	4
-466	148	16100	29	170	-33	4
-460	165	16099	44	160	-35	4
-432	151	16071	64	113	-24	4
-472	139	16029	67	65	-25	4
-500	138	15971	70	11	-34	4
-523	100	15959	69	-16	-24	4
-554	130	15937	73	14	-24	4
-533	120	15960	62	72	-23	4
-534	108	16000	42	141	-19	4
-510	119	16088	26	167	-33	4
-477	123	16119	34	179	-24	4
-460	128	16092	47	142	-19	4
-473	127	16064	59	82	-20	4
-477	121	16011	56	40	-23	4
-521	108	15945	62	19	-22	4
-540	77	15904	67	11	-42	4
-575	91	15906	69	47	-34	4
-554	102	15943	49	77	-27	4
-506	82	16048	53	130	-26	4
-497	105	16112	23	182	-25	4
-460	123	16117	28	175	-18	4
-448	130	16120	28	146	-5	4
-465	123	16063	53	84	-7	4
-492	121	15983	67	35	-25	4
-497	99	15949	79	3	-25	4
-545	118	15925	68	0	-24	4
-550	124	15944	61	50	-27	4
-549	132	15979	60	108	-24	4
-508	131	16064	31	153	-21	4
-484	143	16091	29	166	-14	4
-462	139	16099	54	163	-19	4
-452	163	16092	43	121	-24	4
-446	155	16042	39	76	-23	4
-477	151	15990	52	37	-21	4
-510	130	15999	55	7	-22	4
-522	128	15907	74	18	-32	4
-511	130	15936	72	68	-32	4
-546	132	15996	37	129	-36	4
-481	114	16070	36	160	-26	4
-471	120	16075	49	167	-10	4
-458	137	16152	46	153	-11	4
-451	134	16087	74	106	-14	4
-464	123	16023	71	72	-26	4
-492	125	16002	49	28	-15	4
-526	125	15962	64	13	-27	4
-548	110	15939	70	39	-26	4
-522	97	16027	44	66	-18	4
-545	104	15987	63	106	-27	4
-503	111	16061	50	146	-30	4
-487	110	16076	35	155	-17	4
-475	107	16109	41	144	-27	4
-452	119	16115	47	104	-12	4
-492	107	16052	52	51	-20	4
-523	104	15999	69	18	-25	4
-541	111	15942	62	25	-7	4
-550	111	15951	61	47	-16	4
-544	97	15979	59	92	-12	4
-535	125	16015	44	117	-9	4
-510	109	16023	38	138	-23	4
-501	131	16061	51	150	-37	4
-477	143	16062	54	145	-37	4
-490	117	16067	50	103	-24	4
-476	115	16036	49	70	-30	4
-504	121	16002	69	43	-34	4
-513	132	15929	70	19	-24	4
-513	130	15963	80	43	-25	4
-511	141	15997	61	98	-30	4
-517	134	16028	45	142	-34	4
-491	141	16069	40	144	-38	4
-441	141	16101	44	136	-32	4
-445	139	16043	39	121	-23	4
-461	149	16068	72	93	-25	4
-476	128	16040	55	61	-21	4
-498	123	16002	43	54	-33	4
-534	122	15959	51	55	-36	4
-534	133	15989	44	69	-27	4
-533	135	15971	51	86	-9	4
-525	139	16015	52	122	-13	4
-483	140	16059	28	139	-11	4
-456	112	16079	46	130	-16	4
-451	135	16092	63	105	-16	4
-482	120	16053	55	79	-10	4
-507	119	15982	64	39	-17	4
-504	104	15995	71	45	-38	4
-540	100	15926	58	55	-30	4
-530	92	15963	53	75	-30	4
-520	99	16017	48	120	-25	4
-537	114	16091	35	131	-19	4
-502	129	16053	45	119	-12	4
-474	111	16103	55	124	-12	4
-493	106	16071	63	96	-18	4
-486	120	16038	76	73	-16	4
-519	118	15978	64	48	-23	4
-510	105	16015	56	46	-17	4
-522	115	15963	68	55	-26	4
-538	121	15980	46	91	-36	4
-522	115	16018	38	112	-41	4
-520	123	16046	41	133	-33	4
-480	112	16066	42	137	-19	4
-507	115	16047	47	116	-23	4
-462	135	16045	74	81	-21	4
-480	116	16024	46	64	-13	4
-515	135	16007	39	46	-27	4
-504	136	15976	54	40	-25	4
-519	119	15962	53	52	-22	4
-508	129	15973	44	77	-13	4
-497	136	16014	78	105	-25	4
-488	136	16074	56	126	-19	4
-470	145	16048	36	120	-17	4
-466	153	16058	43	108	-20	4
-472	126	16043	57	89	-20	4
-474	140	16005	57	46	-15	4
-486	117	16007	56	56	-29	4
-500	135	16021	61	66	-24	4
-504	128	15957	68	88	-27	4
-517	148	15993	48	90	-23	4
-478	138	16045	55	118	-19	4
-490	143	15997	62	107	-11	4
-489	127	16051	60	125	-28	4
-495	97	16047	51	112	-16	4
-502	84	16059	57	87	-12	4
-483	78	16014	52	75	-16	4
-514	98	16055	40	86	-27	4
-513	96	16007	62	76	-39	4
-496	129	16057	77	95	-56	4
-501	143	16036	50	89	-36	4
-487	116	16050	46	80	-12	4
-505	93	16007	58	86	7	4
-511	68	16067	44	82	-9	4
-538	81	16007	44	73	-27	4
-527	85	16018	52	101	-46	4
-485	105	16048	37	131	-41	4
-478	124	16075	34	134	-34	4
-494	129	16064	34	122	-16	4
-506	147	16087	47	107	-15	4
-500	131	15991	59	73	-16	4
-493	107	16009	56	60	-16	4
-512	98	15962	51	67	-21	4
-514	83	15968	63	68	-24	4
-533	114	15976	54	80	-21	4
-540	120	15993	33	101	-19	4
-493	136	16058	61	129	-32	4
-468	139	16085	42	148	-38	4
-461	154	16087	36	126	-33	4
-441	147	16061	41	96	-27	4
-460	161	16033	50	68	-33	4
-495	141	15941	63	47	-32	4
-519	146	15941	86	29	-31	4
-532	144	15976	63	55	-31	4
-526	123	16017	35	86	-26	4
-493	125	16022	25	123	-7	4
-441	136	16083	24	149	-27	4
-448	156	16071	25	136	-21	4
-470	162	16108	53	117	-23	4
-450	169	16081	50	89	-21	4
-484	161	16021	60	43	-27	4
-494	147	15955	71	15	-25	4
-519	125	15918	73	17	-26	4
-520	127	15908	65	45	-26	4
-542	108	15970	77	95	-42	4
-521	118	16013	54	149	-36	4
-492	129	16073	31	182	-46	4
-460	113	16124	20	174	-37	4
-472	129	16115	24	144	-29	4
-464	115	16056	54	89	-21	4
-504	111	15995	75	45	-27	4
-522	122	15937	72	22	-27	4
-548	110	15898	64	2	-30	4
-534	90	15929	71	39	-35	4
-550	89	15998	65	97	-29	4
-529	94	16010	49	140	-22	4
-496	97	16081	51	172	-15	4
-474	105	16123	30	179	-36	4
-478	127	16099	29	133	-26	4
-452	138	16080	35	90	-27	4
-467	125	16060	48	36	-39	4
-516	124	15940	69	-6	-31	4
-525	115	15927	91	2	-30	4
-553	136	15912	73	50	-25	4
-553	117	15978	72	100	-35	4
-503	120	16024	54	143	-19	4
-496	122	16140	35	178	-12	4
-468	139	16105	52	176	-22	4
-459	132	16118	58	138	-11	4
-458	137	16071	39	99	-27	4
-461	136	16030	53	50	-20	4
-512	146	15992	72	18	-21	4
-520	117	15958	85	12	-28	4
-542	124	15956	78	33	-30	4
-530	138	15976	36	95	-24	4
-514	124	16027	33	146	-26	4
-484	100	16084	23	174	-23	4
-444	121	16104	37	159	-23	4
-437	138	16092	52	121	-20	4
-459	145	16047	73	76	-21	4
-494	142	16021	64	44	-30	4
-513	133	15969	76	29	-22	4
-539	113	15962	71	27	-27	4
-526	129	15941	63	61	-25	4
-537	108	15979	64	80	-23	4
-506	107	16044	56	134	-35	4
-509	120	16089	26	159	-29	4
-468	127	16114	34	157	-29	4
-447	99	16113	49	130	-17	4
-479	128	16035	47	90	-24	4
-512	127	15959	58	46	-18	4
-519	116	15956	85	22	-35	4
-545	109	15940	42	27	-24	4
-525	112	15993	40	67	-19	4
-518	99	16005	30	116	-10	4
-521	119	16044	29	156	-20	4
-493	120	16097	53	158	-14	4
-479	130	16096	45	160	-21	4
-479	139	16080	40	138	-21	4
-452	120	16074	46	74	-21	4
-481	148	16018	57	35	-19	4
-506	115	16029	61	33	-6	4
-530	120	15936	76	26	-16	4
-519	124	15986	61	76	-23	4
-509	143	16005	42	113	-15	4
-489	135	16058	30	152	-7	4
-476	123	16066	40	163	-14	4
-458	120	16135	40	144	-18	4
-453	135	16077	60	99	-23	4
-484	148	16028	75	71	-27	4
-494	144	16000	68	43	-22	4
-494	128	15942	62	37	-21	4
-516	146	15974	65	53	-30	4
-532	132	15991	61	83	-30	4
-519	140	15994	67	102	-16	4
-498	129	16046	50	125	-33	4
-491	129	16083	43	126	-24	4
-469	139	16044	52	113	-20	4
-464	123	16064	47	95	-20	4
-497	131	16006	45	53	-20	4
-476	127	15993	71	38	-25	4
-523	103	15999	47	50	-32	4
-531	105	15952	48	80	-41	4
-513	114	15979	54	100	-33	4
-514	114	16025	48	117	-33	4
-495	102	16037	39	133	-23	4
-474	122	16085	54	131	-24	4
-487	110	16093	39	113	-26	4
-478	133	16069	34	78	-26	4
-485	113	16028	60	51	-28	4
-492	107	16018	42	49	-33	4
-526	112	15946	61	34	-29	4
-527	110	15986	84	53	-33	4
-517	99	16008	56	92	-20	4
-505	99	16021	47	121	2	4
-490	109	16065	43	138	-3	4
-470	111	16103	42	132	-13	4
-485	132	16056	60	104	-23	4
-490	130	16069	56	79	-41	4
-479	123	16041	55	58	-28	4
-499	125	16005	63	55	-21	4
-512	119	16000	40	66	-29	4
-498	129	16014	47	73	-29	4
-493	151	16001	49	99	-31	4
-488	135	16020	55	116	-19	4
-481	141	16055	36	129	-21	4
-463	130	16068	39	105	-29	4
-459	144	16051	48	92	-28	4
-464	121	16088	59	82	-22	4
-496	136	15994	62	54	-11	4
-519	114	16026	64	61	-37	4
-540	130	15994	45	78	-27	4
-507	132	15993	40	86	-21	4
-498	143	16034	45	107	-28	4
-506	135	16104	43	114	-8	4
-494	121	16071	58	102	-32	4
-471	119	16042	71	102	-33	4
-471	116	16033	55	78	-26	4
-504	129	16034	43	80	-16	4
-516	103	16019	49	62	-24	4
-521	103	15985	36	69	-34	4
-539	107	15996	60	77	-40	4
-509	116	16021	54	96	-34	4
-496	108	16036	38	112	-27	4
-499	105	16040	42	119	-30	4
-501	101	16039	41	109	-19	4
-504	114	16042	51	86	-14	4
-479	110	16050	73	60	-13	4
-498	129	16062	51	63	-21	4
-509	118	16015	56	63	-25	4
-522	111	16029	45	67	-17	4
-518	115	16002	37	71	-4	4
-520	111	16003	31	82	-14	4
-483	113	16053	63	106	-33	4
-480	132	16050	54	120	-25	4
-487	133	16069	46	123	-32	4
-485	130	16053	39	99	-31	4
-499	148	16023	54	90	-23	4
-483	131	16011	84	67	-11	4
-492	123	16027	78	73	-23	4
-494	141	16014	40	75	-29	4
-496	132	16008	29	92	-20	4
-514	122	16012	35	99	-21	4
-483	128	16040	33	101	-14	4
-481	118	16037	34	98	-26	4
-505	133	16030	64	88	-29	4
-463	133	16047	52	97	-19	4
-477	136	16032	50	101	-18	4
-494	142	16024	49	92	-12	4
-489	124	16056	43	81	-22	4
-507	132	16006	51	70	-17	4
-511	125	16037	56	96	-22	4
-495	118	16034	43	101	-18	4
-499	101	16064	43	105	-11	4
-496	132	16029	43	113	-18	4
-514	128	16089	58	92	-16	4
-503	122	16026	68	74	-21	4
-481	107	16020	54	80	-23	4
-489	118	16013	47	79	-17	4
-506	112	16012	61	86	-20	4
-516	92	16031	49	90	-32	4
-507	90	16083	45	91	-28	4
-495	117	16034	66	91	-38	4
-489	134	16034	53	106	-19	4
-515	118	16023	47	99	-13	4
-490	127	16028	62	84	-22	4
-513	102	16039	70	94	-27	4
-502	88	16014	79	86	-27	4
-522	86	15997	70	85	-27	4
-505	101	16044	36	100	-19	4
-471	153	16058	21	113	-27	4
-500	168	16071	34	104	-33	4
-461	161	16052	31	88	-26	4
-499	151	15989	63	63	-25	4
-505	127	15983	95	52	-14	4
-519	83	15949	62	58	-8	4
-519	64	15968	43	78	-21	4
-518	79	16022	40	128	-43	4
-510	109	16088	23	159	-38	4
-447	153	16110	30	150	-34	4
-457	184	16116	52	118	-28	4
-454	174	16087	52	89	-15	4
-496	128	16007	62	46	-4	4
-501	99	15939	68	13	-9	4
-518	83	15956	72	19	-18	4
-542	118	15918	57	29	-27	4
-542	120	15939	55	82	-35	4
-517	116	16032	31	136	-37	4
-468	119	16111	36	169	-30	4
-448	117	16124	38	173	-31	4
-433	143	16171	45	150	-20	4
-459	118	16091	46	73	-13	4
-490	129	16011	70	43	-23	4
-494	127	15982	49	5	-14	4
-568	121	15931	72	-7	-20	4
-550	88	15910	69	27	-31	4
-575	88	16022	61	93	-20	4
-513	104	16003	65	137	-4	4
-465	103	16092	47	184	-22	4
-456	114	16125	34	181	-10	4
-431	147	16154	31	138	-13	4
-446	143	16079	38	72	-24	4
-483	132	16073	49	17	-23	4
-517	139	15922	63	-10	-38	4
-542	125	15911	73	10	-24	4
-575	113	15921	59	53	-10	4
-529	98	16013	51	110	-16	4
-507	134	16075	47	159	-19	4
-460	118	16164	33	181	-19	4
-451	146	16154	49	183	-32	4
-442	168	16152	40	140	-32	4
-463	154	16071	43	69	-16	4
-483	135	15980	65	16	-23	4
-509	131	15910	71	-23	-23	4
-561	118	15837	86	-8	-6	4
-559	111	15934	90	37	-25	4
-557	123	15986	41	129	-30	4
-520	123	16061	15	179	-32	4
-481	127	16132	28	214	-21	4
-436	116	16179	8	201	-5	4
-431	137	16145	11	146	-10	4
-454	136	16097	56	75	-28	4
-487	136	16004	58	7	-25	4
-511	120	15930	51	-34	-23	4
-559	109	15870	68	-11	-34	4
-548	97	15924	64	34	-36	4
-544	78	15990	62	86	-29	4
-506	106	16048	59	158	-32	4
-473	107	16100	29	208	-19	4
-463	123	16143	23	194	-18	4
-450	128	16125	30	150	-20	4
-455	112	16095	46	92	-18	4
-482	106	16014	64	17	-21	4
-524	110	15939	88	-17	-39	4
-549	104	15932	57	-2	-24	4
-549	107	15944	45	36	-16	4
-541	99	15973	41	91	-14	4
-496	114	16062	36	144	-25	4
-468	122	16090	48	174	-22	4
-450	148	16112	39	179	-17	4
-451	173	16095	32	134	-21	4
-455	138	16062	44	76	-27	4
-473	110	15982	60	24	-25	4
-496	130	16016	88	-9	-14	4
-540	131	15940	90	0	-22	4
-551	108	15952	68	51	-37	4
-526	119	16015	39	111	-20	4
-503	128	16068	43	160	-14	4
-482	150	16139	46	175	-16	4
-455	144	16147	33	165	-12	4
-445	164	16087	68	103	-29	4
-482	155	16042	67	51	-27	4
-500	120	15956	63	16	-29	4
-536	119	15940	74	-6	-22	4
-565	109	15935	68	12	-17	4
-574	138	15938	39	61	-21	4
-539	108	16026	53	127	-5	4
-509	127	16073	37	170	-13	4
-468	108	16131	33	192	-8	4
-439	133	16123	38	167	-9	4
-448	135	16116	40	120	-19	4
-474	113	16025	54	46	-27	4
-507	124	15971	80	-4	-33	4
-538	122	15940	74	-8	-34	4
-538	96	15957	59	24	-24	4
-531	95	15962	54	92	-28	4
-526	95	15997	46	149	-14	4
-499	123	16060	30	164	-18	4
-459	136	16118	62	174	-24	4
-459	136	16124	44	148	-19	4
-460	116	16097	50	116	-23	4
-480	115	16056	72	53	-29	4
-503	124	16011	76	28	-27	4
-524	111	15949	56	6	-25	4
-554	109	15942	65	52	-32	4
-526	102	15966	40	95	-33	4
-522	106	16054	32	145	-19	4
-470	127	16068	25	171	-16	4
-447	120	16121	30	152	-20	4
-456	111	16130	51	122	-32	4
-442	125	16063	76	97	-46	4
-483	122	16014	78	49	-38	4
-502	124	15982	67	23	-26	4
-525	123	15958	46	18	-32	4
-536	114	16026	43	57	-35	4
-523	121	16021	49	83	-35	4
-497	132	16026	68	141	-23	4
-479	131	16085	56	163	-16	4
-461	137	16095	50	156	-26	4
-446	137	16104	62	120	-35	4
-481	142	16099	71	82	-18	4
-507	131	15991	72	27	-20	4
-523	112	15970	63	29	-28	4
-514	104	15972	64	39	-39	4
-518	125	15979	57	77	-27	4
-518	112	15984	52	117	-19	4
-523	108	16061	45	160	-21	4
-475	116	16067	45	162	-18	4
-468	126	16111	35	135	-16	4
-453	112	16096	37	94	-19	4
-482	114	16058	52	63	-20	4
-499	110	16005	61	36	-26	4
-519	104	15959	63	20	-14	4
-531	117	15959	82	32	-20	4
-546	92	15959	60	81	-33	4
-516	105	15990	39	114	-20	4
-486	101	16061	24	142	-14	4
-471	125	16061	20	155	-15	4
-492	145	16070	30	137	-8	4
-468	97	16072	59	97	-16	4
-482	108	16061	51	67	-9	4
-484	107	15995	44	34	-14	4
-515	125	15986	53	30	-19	4
-517	133	15993	50	50	-20	4
-519	129	15969	46	79	-10	4
-501	131	16040	55	117	-18	4
-492	128	16073	41	151	-32	4
-480	134	16054	42	141	-39	4
-455	127	16057	45	118	-17	4
-454	124	16079	55	88	-18	4
-492	135	16000	66	56	-29	4
-520	138	15977	60	44	-33	4
-543	148	15966	56	48	-37	4
-533	139	15963	66	75	-38	4
-495	123	16029	61	95	-27	4
-515	134	16081	46	118	-9	4
-494	132	16079	53	118	-16	4
-482	145	16055	59	134	-33	4
-475	144	16097	51	103	-25	4
-456	120	16034	59	86	-25	4
-487	119	16025	40	63	-5	4
-516	125	16029	57	52	-21	4
-534	118	15992	77	47	-28	4
-552	112	15968	68	74	-23	4
-511	122	16025	38	130	-20	4
-522	121	16034	40	133	-32	4
-521	117	16062	45	135	-26	4
-491	103	16118	47	126	-15	4
-500	116	16084	65	87	-18	4
-489	128	16033	66	76	-37	4
-518	130	16003	58	59	-27	4
-504	96	16028	47	59	-23	4
-531	114	16005	44	71	-11	4
-537	101	16000	44	75	-21	4
-504	113	15995	63	79	-25	4
-513	106	16029	54	118	-28	4
-494	112	16063	48	124	-15	4
-502	114	16049	36	128	-13	4
-472	120	16050	23	113	-11	4
-476	118	16024	26	102	-12	4
-489	134	16024	61	83	-25	4
-502	132	16011	49	73	-29	4
-521	151	15977	44	73	-23	4
-507	128	15995	58	84	-24	4
-513	96	16021	54	108	-20	4
-526	95	15996	66	111	-24	4
-478	115	16068	77	125	-22	4
-474	118	16051	49	122	-21	4
-471	152	16059	27	114	-23	4
-446	157	16044	14	88	-30	4
-476	168	16044	24	79	-37	4
-528	148	15955	44	46	-24	4
-505	108	15955	77	49	-30	4
-542	94	15977	83	71	-19	4
-530	85	16014	64	107	-12	4
-496	108	16078	37	140	-26	4
-493	115	16135	30	162	-43	4
-479	168	16134	36	148	-45	4
-476	168	16116	57	129	-27	4
-493	134	16032	69	79	-8	4
-496	101	15971	71	37	2	4
-526	67	15885	75	23	-8	4
-527	64	15988	79	28	-19	4
-551	96	15969	63	65	-24	4
-538	99	16046	51	130	-25	4
-498	105	16075	33	180	-30	4
-478	137	16112	30	185	-15	4
-452	119	16117	41	165	-15	4
-454	115	16147	41	113	-15	4
-509	130	16027	70	50	-15	4
-523	113	15993	76	21	-28	4
-530	107	15937	78	17	-34	4
-549	111	15923	66	47	-40	4
-552	123	15947	46	78	-18	4
-511	105	16051	39	129	-12	4
-508	105	16065	48	153	-19	4
-457	116	16137	37	177	-17	4
-444	119	16125	24	152	-16	4
-456	151	16095	30	112	-23	4
-474	170	16049	35	54	-25	4
-515	148	15952	67	9	-18	4
-508	144	15950	85	-1	-26	4
-536	103	15940	60	28	-23	4
-528	97	15983	56	73	-15	4
-507	124	16013	48	129	-17	4
-490	129	16102	34	179	-18	4
-468	178	16095	29	180	-6	4
-467	161	16124	59	145	-28	4
-453	138	16112	54	98	-22	4
-482	133	16011	77	34	-14	4
-517	123	15947	63	-7	-25	4
-538	123	15904	72	-6	-34	4
-557	130	15899	62	41	-44	4
-557	113	15972	75	92	-49	4
-519	115	16050	41	142	-20	4
-489	111	16097	45	176	-13	4
-453	109	16128	38	183	-3	4
-453	108	16151	41	155	-8	4
-476	136	16057	57	90	-26	4
-470	117	16028	78	33	-23	4
-509	95	15957	66	2	-21	4
-555	104	15913	66	-3	-26	4
-564	119	15931	56	34	-22	4
-557	117	16007	44	92	-24	4
-542	97	16026	39	133	-20	4
-478	92	16127	39	171	-19	4
-462	105	16116	27	183	-29	4
-426	110	16118	41	159	-20	4
-461	140	16081	40	92	-19	4
-492	114	16081	56	34	-18	4
-522	124	15974	67	-10	-37	4
-538	106	15948	77	6	-38	4
-552	119	15945	64	44	-27	4
-538	109	15994	45	103	-26	4
-512	115	16024	36	150	-26	4
-489	119	16134	34	171	-11	4
-458	151	16117	45	163	-10	4
-458	159	16115	45	137	-14	4
-457	160	16056	49	87	-17	4
-460	122	16010	56	41	-16	4
-508	123	15957	63	13	-23	4
-535	119	15933	60	9	-24	4
-537	119	15955	74	39	-18	4
-528	126	15977	60	109	-22	4
-523	137	16048	37	158	-34	4
-461	137	16105	44	173	-28	4
-447	149	16122	59	170	-14	4
-444	137	16079	56	136	-11	4
-464	126	16054	71	73	-23	4
-481	119	16002	72	35	-22	4
-528	119	15985	84	12	-35	4
-556	113	15988	87	39	-33	4
-527	110	15995	66	74	-31	4
-523	108	15991	59	112	-20	4
-497	112	16055	74	147	-21	4
-481	110	16104	42	164	-13	4
-443	121	16097	34	145	-17	4
-463	115	16092	44	121	-11	4
-470	113	16051	47	72	-13	4
-491	98	15992	53	16	-18	4
-536	106	15962	79	13	-31	4
-552	93	15975	59	44	-25	4
-540	97	15987	55	75	-20	4
-512	97	16021	51	115	-18	4
-499	87	16091	26	157	-25	4
-470	107	16076	35	154	-14	4
-482	141	16104	50	145	-25	4
-457	144	16072	37	105	-16	4
-487	122	16027	54	54	-18	4
-488	118	15992	68	17	-16	4
-538	130	16027	61	30	-27	4
-541	129	15954	60	37	-32	4
-539	123	15988	67	86	-29	4
-511	125	16023	38	140	-19	4
-484	134	16060	43	164	-26	4
-468	139	16083	35	153	-12	4
-468	146	16137	41	127	-15	4
-481	126	16068	52	88	-20	4
-483	123	16048	62	52	-26	4
-482	122	16003	63	42	-26	4
-528	134	15966	50	42	-4	4
-522	127	15969	37	59	-9	4
-540	124	16014	42	83	-22	4
-498	124	16016	77	117	-21	4
-474	123	16078	47	148	-27	4
-473	127	16066	26	143	-20	4
-467	121	16085	50	117	-31	4
-465	125	16074	53	86	-29	4
-496	117	16010	72	57	-18	4
-532	105	15992	95	46	-21	4
-542	129	15981	81	50	-33	4
-531	98	15987	63	72	-23	4
-513	95	16039	41	107	-24	4
-518	104	16049	29	135	-35	4
-466	115	16079	30	142	-25	4
-466	119	16094	54	142	-31	4
-503	124	16083	37	123	-25	4
-474	101	16082	43	91	-26	4
-478	104	16034	63	53	-27	4
-525	107	16011	60	41	-19	4
-553	97	15957	54	50	-25	4
-541	107	16006	59	86	-32	4
-507	120	16038	20	114	-28	4
-498	116	16042	30	130	-23	4
-477	103	16061	58	120	-18	4
-472	146	16092	69	116	-3	4
-473	138	16053	77	90	-20	4
-467	117	16033	87	67	-22	4
-483	137	16017	65	66	-17	4
-514	134	15985	68	65	-26	4
-532	135	15989	42	58	-28	4
-520	123	16031	40	83	-31	4
-501	130	16035	55	108	-29	4
-482	158	16058	55	131	-28	4
-484	137	16063	43	130	-23	4
-470	132	16090	34	104	-17	4
-486	122	16044	49	87	-23	4
-515	133	16074	58	56	-24	4
-502	127	15986	76	45	-25	4
-494	128	16004	67	76	-42	4
-504	116	15991	53	81	-25	4
-515	120	16002	55	103	-22	4
-494	106	16050	53	111	-25	4
-507	128	16080	43	110	-22	4
-502	136	16042	62	108	-33	4
-473	118	16061	63	106	-29	4
-484	100	16049	51	95	-35	4
-496	116	16021	48	89	-38	4
-517	116	16012	60	69	-28	4
-528	102	16016	60	60	-25	4
-521	85	16003	86	69	-22	4
-504	119	16036	67	102	-29	4
-482	109	16037	39	110	-16	4
-493	116	16066	25	113	-10	4
-495	101	16050	35	113	-22	4
-484	104	16082	35	87	-29	4
-510	118	16030	63	79	-29	4
-505	114	16000	66	79	-22	4
-520	114	16002	44	64	-25	4
-527	124	15979	54	69	-28	4
-510	105	16025	56	90	-31	4
-506	122	16015	52	103	-27	4
-493	128	16029	67	125	-12	4
-488	135	16047	59	127	-16	4
-473	138	16034	47	109	-13	4
-495	124	16040	45	97	-20	4
-492	130	16056	38	92	-11	4
-491	128	15984	69	68	-25	4
-493	140	16011	78	72	-33	4
-506	117	16013	59	82	-36	4
-509	139	16019	52	99	-34	4
-487	143	16026	38	113	-19	4
-494	133	16067	34	118	-4	4
-492	154	16033	57	97	-5	4
-482	134	16024	74	100	-13	4
-510	143	16028	48	94	-18	4
-476	125	16033	50	83	-30	4
-488	153	16025	49	86	-19	4
-505	122	16077	59	86	-26	4
-501	128	16013	66	82	-24	4
-509	109	16016	82	104	-23	4
-518	115	16024	49	115	-26	4
-485	120	16048	30	93	-20	4
-499	117	16038	50	97	-29	4
-482	90	16125	55	107	-30	4
-507	110	16020	51	81	-37	4
-491	136	16031	60	90	-32	4
-510	106	16029	56	72	-17	4
-520	109	16030	49	68	-27	4
-504	113	16011	57	89	-29	4
-533	131	16072	61	108	-16	4
-513	127	16049	74	100	-13	4
-494	116	16045	62	110	-16	4
-472	116	16036	47	120	-17	4
-497	127	16041	64	107	-21	4
-484	114	16042	59	90	-25	4
-520	124	16029	61	72	-19	4
-515	93	16009	84	66	-29	4
-495	98	16017	65	90	-20	4
-521	88	16008	57	95	-25	4
-486	140	16046	37	99	-36	4
-480	173	16040	44	112	-30	4
-484	169	16009	44	92	-27	4
-511	157	16014	68	76	-12	4
-511	110	15998	58	67	-20	4
-514	96	15998	58	61	-6	4
-506	86	15976	71	64	-16	4
-505	121	16019	56	99	-40	4
-490	152	16032	38	117	-43	4
-492	163	16071	54	122	-38	4
-472	157	16107	42	121	-29	4
-494	147	16059	54	97	-7	4
-468	115	16040	68	74	-4	4
-509	99	16005	69	50	-13	4
-510	109	15961	61	40	-20	4
-533	142	15989	64	65	-47	4
-512	147	16024	51	97	-42	4
-514	159	16041	51	124	-27	4
-480	120	16071	50	132	-13	4
-484	110	16111	40	127	-9	4
-478	112	16045	57	115	-18	4
-503	116	16039	74	91	-35	4
-488	118	16030	43	56	-18	4
-516	114	16009	49	44	-17	4
-506	135	15996	50	55	-29	4
-522	121	16031	41	67	-31	4
-522	86	16008	63	81	-29	4
-510	105	16058	55	126	-32	4
-487	98	16081	51	135	-27	4
-472	121	16077	47	135	-39	4
-465	123	16066	45	107	-25	4
-470	128	16120	59	76	-28	4
-493	120	16017	82	39	-31	4
-514	111	15975	78	34	-27	4
-520	114	15974	62	46	-24	4
-534	105	15980	55	83	-28	4
-517	87	16001	49	111	-22	4
-518	113	16075	41	139	-14	4
-488	132	16104	55	141	-28	4
-483	147	16079	31	127	-32	4
-460	148	16098	21	98	-18	4
-468	138	16044	57	65	-14	4
-502	136	16012	64	36	-29	4
-524	131	15953	54	13	-28	4
-520	130	15928	70	35	-44	4
-535	130	15963	50	79	-29	4
-519	146	16020	36	127	-5	4
-509	149	16077	41	150	-15	4
-480	154	16093	51	143	-14	4
-468	136	16084	41	120	-22	4
-434	121	16090	66	85	-30	4
-477	126	16078	63	53	-24	4
-498	144	16021	65	32	-28	4
-529	135	15967	50	16	-34	4
-531	119	15976	46	41	-42	4
-549	104	15951	61	72	-28	4
-517	103	16026	66	114	-26	4
-491	113	16079	38	142	-21	4
-479	115	16127	36	158	-15	4
-484	109	16111	45	137	-22	4
-476	115	16062	45	89	-37	4
-488	125	16001	61	22	-35	4
-519	110	15980	80	8	-42	4
-524	96	15965	63	18	-25	4
-539	94	15977	70	46	-27	4
-538	85	16015	63	97	-39	4
-540	121	16059	52	130	-24	4
-509	115	16063	37	134	-19	4
-470	108	16110	53	139	-37	4
-462	139	16115	41	121	-34	4
-471	119	16070	41	88	-24	4
-508	133	16010	56	45	-27	4
-528	129	16017	59	35	-26	4
-512	113	15953	63	21	-19	4
-539	121	15971	65	60	-13	4
-528	137	16011	46	112	-26	4
-503	131	16086	32	140	-20	4
-483	136	16075	36	154	-20	4
-482	137	16155	45	152	-20	4
-474	147	16078	54	109	-27	4
-472	149	16045	60	66	-31	4
-495	114	16000	60	28	-13	4
-508	115	15974	58	26	-21	4
-546	130	15988	55	39	-33	4
-539	149	16013	56	70	-39	4
-525	125	16042	63	96	-30	4
-499	138	16059	39	144	-20	4
-480	144	16088	33	159	-9	4
-465	131	16090	29	142	-25	4
-460	127	16097	35	86	-19	4
-479	116	16030	34	45	-17	4
-514	133	16006	65	25	-25	4
-520	117	15968	72	44	-33	4
-535	106	15968	69	58	-26	4
-521	91	15999	65	76	-28	4
-507	106	16037	56	122	-19	4
-508	108	16039	45	134	-24	4
-471	98	16112	63	138	-28	4
-453	133	16103	61	135	-33	4
-500	116	16085	52	109	-36	4
-507	117	16072	48	66	-30	4
-499	102	15996	48	51	-25	4
-532	113	15963	44	31	-20	4
-542	112	15984	70	54	-37	4
-519	126	16016	51	85	-14	4
-513	127	16049	41	129	-9	4
-494	119	16060	58	141	-10	4
-469	128	16105	50	127	-13	4
-489	119	16047	47	100	-21	4
-499	115	16062	59	74	-24	4
-494	123	16040	55	44	-17	4
-496	151	15995	48	38	-15	4
-510	131	15997	57	44	-31	4
-519	113	16046	59	72	-22	4
-514	140	15985	65	83	-10	4
-483	126	16039	61	125	-29	4
-474	138	16075	45	132	-24	4
-464	138	16106	46	120	-18	4
-446	146	16074	50	108	-21	4
-493	147	16104	39	74	-27	4
-496	144	16005	67	33	-38	4
-517	120	15968	80	47	-8	4
-497	115	15995	71	53	-13	4
-511	118	15989	68	79	-36	4
-488	128	16014	48	107	-37	4
-480	114	16111	28	129	-29	4
-485	120	16077	46	127	-26	4
-469	120	16067	47	115	-23	4
-455	110	16072	43	98	-28	4
-495	116	16022	53	76	-32	4
-487	110	16022	60	48	-27	4
-533	117	16000	58	47	-14	4
-516	124	15973	66	51	-32	4
-511	96	15995	58	86	-35	4
-517	119	16001	48	114	-36	4
-495	120	16049	46	130	-28	4
-491	108	16078	47	129	-9	4
-482	115	16050	46	103	-25	4
-478	116	16032	80	92	-38	4
-490	100	16029	63	71	-29	4
-509	130	16003	49	57	-18	4
-516	128	15999	41	62	-8	4
-510	120	15999	48	78	-19	4
-546	107	16003	37	89	-17	4
-511	116	16020	58	106	-17	4
-498	119	16071	44	125	-10	4
-500	121	16050	23	126	-21	4
-487	119	16044	35	111	-26	4
-478	141	16070	49	88	-31	4
-479	105	16011	63	63	-23	4
-496	118	15995	72	49	-27	4
-503	137	15994	60	63	-35	4
-499	128	16030	59	73	-29	4
-501	119	16034	52	87	-18	4
-504	135	16058	37	114	-18	4
-515	135	16057	56	100	-11	4
-481	131	16076	61	115	-11	4
-477	129	16068	44	95	-24	4
-456	124	16050	52	88	-30	4
-482	143	16041	46	74	-36	4
-518	136	16060	38	56	-22	4
-519	115	15990	50	58	-7	4
-525	123	16016	67	89	-24	4
-492	121	16032	53	99	-31	4
-499	96	16018	55	112	-35	4
-501	109	16066	30	110	-40	4
-489	98	16150	39	116	-32	4
-483	130	16056	60	90	-16	4
-496	103	16049	51	83	-21	4
-479	107	16071	36	69	-34	4
-502	114	16036	44	66	-30	4
-502	97	16027	55	82	-20	4
-535	114	16051	48	84	-18	4
-498	108	16010	67	89	-37	4
-507	99	16030	54	121	-24	4
-510	119	16051	44	115	-14	4
-486	105	16063	40	111	-23	4
-490	124	16048	43	99	-8	4
-494	118	16042	52	79	-16	4
-487	113	16029	69	68	-20	4
-506	116	16008	57	81	-35	4
-508	128	16026	67	77	-42	4
-508	138	15999	53	85	-27	4
-522	124	15992	44	102	-25	4
-504	119	15977	36	102	-23	4
-506	112	16045	63	105	-4	4
-491	132	16066	44	115	-15	4
-502	127	16043	34	88	-21	4
-506	125	16021	47	81	-21	4
-465	135	16019	62	81	-22	4
-526	151	15996	60	64	-9	4
-490	143	16030	63	72	-29	4
-513	142	16013	36	94	-19	4
-496	124	16035	54	100	-20	4
-498	135	16031	62	109	-23	4
-491	120	16046	69	111	-18	4
-473	105	16052	58	103	-19	4
-509	123	16066	68	103	-28	4
-496	134	16042	51	100	-23	4
-505	127	16039	55	89	-21	4
-505	116	16025	53	64	-26	4
-490	112	16036	55	77	-21	4
-526	125	16003	58	74	-17	4
-512	132	16045	60	92	-38	4
-511	119	16030	51	100	-24	4
-509	111	16017	58	94	-27	4
-494	110	16043	57	90	-30	4
-483	101	16104	51	97	-24	4
-519	97	16024	62	82	-32	4
-510	112	16036	75	86	-31	4
-465	126	16036	63	88	-19	4
-507	128	16016	40	84	-14	4
-514	131	16055	47	82	-12	4
-490	106	16076	41	90	-16	4
-502	114	16013	68	91	-32	4
-494	107	16027	66	99	-28	4
-509	117	16034	64	91	-18	4
-488	116	16047	56	101	-26	4
-475	136	16051	50	94	-27	4
-492	142	16041	34	86	-23	4
-473	103	16026	73	78	-28	4
-513	126	16022	58	79	-15	4
-502	108	16016	67	76	-16	4
-480	128	16035	50	86	-23	4
-504	121	16012	28	97	-15	4
-518	145	16000	31	109	-19	4
-502	132	16037	57	112	-27	4
-482	145	16040	49	124	-28	4
-491	145	16046	63	105	-16	4
-482	130	16042	67	89	-33	4
-482	131	16027	59	80	-14	4
-512	139	16000	50	77	-17	4
-513	127	16011	61	78	-32	4
-505	138	16028	45	78	-21	4
-491	144	16035	42	88	-16	4
-486	133	16033	50	105	-20	4
-512	117	16021	57	107	-26	4
-494	128	15989	55	84	-21	4
-514	123	16041	74	94	-36	4
-517	130	16023	56	103	-42	4
-524	131	16026	52	91	-36	4
-516	120	16024	57	80	-18	4
-514	129	16035	55	85	-21	4
-528	96	15992	55	82	-17	4
-494	102	16027	68	94	-30	4
-487	127	16027	55	104	-31	4
-485	113	16063	59	101	-37	4
-489	103	16052	55	103	-29	4
-493	112	16084	39	93	-22	4
-504	115	16013	56	75	-33	4
-527	105	16030	58	83	-34	4
-513	124	15996	48	87	-18	4
-495	104	16005	51	84	-35	4
-506	105	16023	30	93	-22	4
-518	129	16064	34	99	-19	4
-475	125	16056	50	90	-19	4
-477	116	16046	48	111	-31	4
-512	122	16022	50	106	-29	4
-495	120	16055	48	89	-17	4
-504	123	16026	40	68	-26	4
-499	127	16109	43	70	-30	4
-501	115	16015	64	71	-30	4
-514	150	16021	63	92	-40	4
-517	126	16018	64	98	-37	4
-489	127	16032	50	97	-29	4
-471	131	16051	52	115	-27	4
-474	100	16061	39	106	-36	4
-499	123	16051	73	88	-41	4
-506	134	16029	66	84	-34	4
-488	144	16007	51	74	-24	4
-488	116	16033	47	66	-14	4
-496	133	16012	56	92	-23	4
-523	136	15994	47	97	-38	4
-510	110	16016	74	88	-46	4
-529	115	16013	59	102	-38	4
-509	117	16045	57	108	-26	4
-510	130	16050	47	99	-29	4
-493	108	16055	43	93	-24	4
-510	114	16007	63	83	-22	4
-519	130	16023	70	81	-24	4
-506	111	16004	55	83	-18	4
-501	109	16018	39	82	-24	4
-510	115	16014	62	85	-28	4
-514	127	16026	59	104	-26	4
-509	109	16015	56	110	-16	4
-514	110	16046	60	124	-25	4
-492	115	16068	45	110	-22	4
-477	123	16038	54	104	-19	4
-492	126	16055	54	87	-29	4
-494	110	16065	56	76	-29	4
-478	122	15991	67	66	-26	4
-502	103	16016	85	85	-33	4
-510	111	16025	42	89	-20	4
-480	124	16025	56	108	-12	4
-502	121	16033	63	110	-24	4
-477	127	16102	56	112	-35	4
-485	130	16043	69	95	-37	4
-477	127	16052	82	80	-26	4
-486	118	16035	69	87	-15	4
-510	125	16008	47	71	-14	4
-528	148	16010	39	70	-16	4
-531	132	16048	38	76	-3	4
-493	136	16022	52	90	-6	4
-483	131	16041	51	118	-18	4
-488	126	16032	56	112	-12	4
-490	131	16041	44	99	-7	4
-492	139	16056	45	90	-15	4
-475	117	16067	35	79	-17	4
-485	119	16040	58	82	-24	4
-496	106	16007	52	77	-21	4
-494	111	16011	42	70	-18	4
-519	138	16015	39	91	-13	4
-490	127	16022	32	89	-12	4
-500	115	16020	44	90	-9	4
-518	128	16018	73	92	-22	4
-521	116	16044	50	101	-25	4
-505	116	16056	36	110	-22	4
-505	116	16059	63	96	-25	4
-501	113	16044	50	83	-42	4
-506	105	16004	42	65	-28	4
-530	103	15996	66	72	-36	4
-486	132	16011	60	96	-26	4
-527	113	16020	40	104	-24	4
-490	103	16044	26	106	-23	4
-485	119	16060	33	109	-24	4
-504	126	16031	48	96	-32	4
-499	118	16028	63	92	-35	4
-471	134	16048	37	83	-29	4
-493	114	16018	59	62	-19	4
-499	122	16036	57	72	-16	4
-520	134	16002	50	94	-22	4
-496	134	16018	44	74	-25	4
-503	114	16021	49	89	-24	4
-493	120	16032	47	109	-20	4
-469	126	16059	46	109	-22	4
-479	115	16056	50	110	-21	4
-498	131	16053	49	89	-18	4
-469	131	16059	67	67	-25	4
-498	139	16014	72	70	-40	4
-514	124	16006	58	66	-31	4
-502	119	16011	56	72	-18	4
-508	118	16029	40	91	-16	4
-502	133	16076	57	100	-25	4
-491	129	16032	65	97	-18	4
-471	119	16051	54	108	-37	4
-467	126	16073	48	101	-27	4
-477	126	16063	27	85	-22	4
-464	110	16051	36	78	-25	4
-493	106	16066	45	75	-25	4
-515	121	15986	68	59	-41	4
-519	129	16026	67	84	-31	4
-486	125	16034	42	92	-18	4
-506	123	16032	40	106	-22	4
-506	122	16051	34	111	-18	4
-457	95	16086	48	104	-10	4
-498	118	16067	69	102	-16	4
-485	123	16024	45	85	-8	4
-505	117	16022	40	71	-15	4
-502	115	16020	45	68	-18	4
-530	105	16021	51	79	-30	4
-509	112	15998	56	77	-32	4
-532	104	16027	84	81	-18	4
-514	114	16014	65	109	-21	4
-501	102	16053	57	109	-29	4
-500	120	16057	35	117	-22	4
-509	119	16057	34	110	-19	4
-503	138	16021	38	91	-18	4
-507	140	16040	66	92	-35	4
-508	117	16055	50	84	-27	4
-507	122	15994	49	73	-15	4
-514	119	16029	53	89	-19	4
-523	123	16025	56	95	-20	4
-494	121	16021	43	98	-8	4
-498	125	16046	54	113	-11	4
-478	161	16056	56	114	-21	4
-490	134	16050	52	99	-31	4
-482	112	16047	48	81	-19	4
-482	122	16031	37	73	-26	4
-518	124	15966	36	66	-26	4
-499	122	16025	69	81	-24	4
-502	132	16033	58	106	-23	4
-484	107	16023	33	110	-25	4
-521	104	16038	42	117	-14	4
-496	119	16090	54	100	-8	4
-469	122	16047	46	99	-11	4
-481	115	16054	66	83	-24	4
-483	116	16042	54	79	-17	4
-520	130	16016	56	81	-9	4
-524	117	15999	46	79	-17	4
-532	124	16060	56	91	-28	4
-509	118	16022	57	75	-24	4
-515	110	16033	52	102	-28	4
-498	105	16045	34	119	-27	4
-492	118	16033	41	120	-21	4
-501	119	16057	50	109	-20	4
-525	104	16067	42	88	-25	4
-505	126	16039	63	58	-36	4
-516	116	16016	60	64	-30	4
-520	113	16028	50	75	-36	4
-521	118	16032	37	85	-32	4
-510	114	16049	35	84	-29	4
-499	132	16036	50	101	-15	4
-483	129	16026	75	99	-18	4
-471	136	16053	64	107	-25	4
-504	127	16025	45	96	-23	4
-493	123	16044	44	91	-21	4
-505	132	16015	53	86	-28	4
-502	137	15993	57	73	-29	4
-499	131	16014	79	61	-35	4
-510	131	15999	48	92	-26	4
-488	132	16025	37	111	-31	4
-491	127	16074	40	109	-28	4
-488	143	16053	41	105	-16	4
-521	157	16011	63	85	-20	4
-491	157	16015	83	77	-17	4
-493	121	16029	74	74	-21	4
-507	109	16015	74	62	-28	4
-541	79	16030	67	73	-17	4
-472	74	16058	58	101	-21	4
-487	115	16029	41	111	-34	4
-460	177	16061	41	128	-41	4
-453	221	16037	40	104	-45	4
-482	193	16028	46	55	-30	4
-524	100	15987	66	36	-4	4
-534	31	15995	95	28	9	4
-528	26	15951	76	35	9	4
-499	62	16000	52	108	-21	4
-499	99	16097	24	146	-55	4
-478	160	16148	9	157	-47	4
-472	158	16152	35	142	-33	4
-451	139	16133	48	96	-11	4
-458	130	16015	70	22	-1	4
-506	95	15949	79	6	-21	4
-529	77	15925	82	15	-18	4
-539	73	15962	59	51	-16	4
-528	73	16009	46	103	-31	4
-499	109	16124	31	138	-30	4
-480	117	16083	63	167	-27	4
-473	162	16125	52	177	-31	4
-438	152	16124	42	126	-25	4
-464	136	16106	51	71	-17	4
-492	125	16028	56	14	-12	4
-523	107	16003	65	-7	-13	4
-545	114	15916	69	8	-15	4
-555	138	15937	49	62	-35	4
-521	131	16020	29	121	-46	4
-513	134	16090	11	162	-34	4
-470	151	16151	28	189	-24	4
-450	130	16121	34	170	-31	4
-461	136	16109	65	115	-41	4
-457	150	16051	57	58	-31	4
-483	145	15996	56	16	-40	4
-522	137	15940	61	-11	-42	4
-554	140	15915	59	11	-20	4
-569	108	15915	73	49	-13	4
-548	83	16013	86	101	-14	4
-500	82	16109	38	181	-23	4
-487	106	16131	15	207	-20	4
-448	159	16171	1	177	-21	4
-440	152	16154	21	123	-20	4
-456	137	16040	51	44	-26	4
-497	111	15980	87	-9	-35	4
-519	102	15928	77	-24	-34	4
-572	102	15861	84	-5	-31	4
-572	103	15955	64	64	-27	4
-519	116	16049	45	139	-17	4
-490	106	16099	37	186	-21	4
-445	116	16172	54	211	-38	4
-414	134	16195	37	187	-23	4
-435	133	16120	49	121	-9	4
-456	124	16082	54	51	-10	4
-502	95	16043	70	-9	-18	4
-531	108	15898	92	-28	-27	4
-559	103	15891	97	6	-44	4
-566	106	15936	66	76	-35	4
-528	108	16022	46	137	-24	4
-500	102	16077	26	191	-27	4
-469	100	16236	28	216	-17	4
-443	135	16140	48	173	-12	4
-436	141	16096	70	109	-11	4
-485	142	16034	56	37	-11	4
-498	150	15947	54	9	-26	4
-556	142	15916	63	-19	-20	4
-575	130	15948	78	0	-28	4
-552	124	15946	88	58	-34	4
-538	117	15997	56	145	-21	4
-476	140	16094	28	197	-15	4
-463	137	16121	27	197	-22	4
-431	156	16165	45	164	-19	4
-438	143	16111	58	94	-20	4
-457	142	16049	81	9	-36	4
-531	136	15970	83	-23	-26	4
-540	114	15899	74	-16	-19	4
-544	103	15924	60	28	-18	4
-537	101	15992	62	94	-24	4
-517	112	16052	40	149	-26	4
-503	131	16114	51	184	-30	4
-473	123	16152	28	190	-21	4
-441	125	16161	42	143	-8	4
-420	129	16089	47	81	-6	4
-473	135	16013	62	32	-20	4
-522	137	15953	75	-14	-28	4
-534	101	15915	95	-19	-35	4
-562	116	15920	72	34	-21	4
-548	91	15986	47	108	-25	4
-528	103	16057	22	154	-27	4
-501	97	16119	28	192	-12	4
-457	115	16136	39	176	-5	4
-448	120	16138	60	131	-22	4
-465	124	16096	47	94	-24	4
-492	130	16002	52	31	-24	4
-510	141	15955	64	-4	-25	4
-555	107	15949	61	-1	-27	4
-551	120	15914	57	23	-19	4
-521	113	16010	61	107	-22	4
-519	122	16049	34	165	-18	4
-486	132	16123	38	177	-14	4
-436	130	16111	13	165	-26	4
-454	141	16152	36	125	-14	4
-466	153	16050	65	56	-27	4
-491	142	16023	74	30	-31	4
-542	133	15985	70	6	-25	4
-551	126	15955	40	17	-10	4
-545	115	15980	48	69	-19	4
-525	119	16105	48	120	-23	4
-503	126	16073	51	135	-25	4
-477	130	16097	45	161	-15	4
-464	127	16110	34	151	-19	4
-469	142	16089	53	109	-13	4
-495	159	16063	67	60	-21	4
-515	135	16009	65	24	-22	4
-539	123	15961	84	12	-26	4
-531	92	15958	69	43	-26	4
-536	101	16000	40	81	-32	4
-534	110	16063	38	120	-25	4
-493	118	16090	37	155	-15	4
-490	110	16097	38	149	-17	4
-445	124	16110	58	122	-26	4
-466	125	16082	46	94	-33	4
-477	101	16056	46	49	-31	4
-512	109	15972	54	23	-20	4
-535	111	15963	59	34	-25	4
-548	118	15909	53	38	-19	4
-537	86	15980	75	86	-22	4
-524	94	16031	55	123	-13	4
-501	114	16088	47	151	-13	4
-474	130	16126	52	155	-18	4
-463	110	16102	57	123	-25	4
-467	119	16062	52	94	-13	4
-475	113	16042	82	45	-32	4
-502	118	16012	60	23	-35	4
-520	131	15995	59	39	-30	4
-528	121	15969	50	70	-22	4
-518	128	16029	52	103	-29	4
-507	123	16048	57	113	-31	4
-482	132	16071	46	148	-21	4
-456	127	16091	25	156	-25	4
-475	137	16091	37	125	-23	4
-478	136	16055	58	80	-20	4
-466	125	16059	62	61	-14	4
-518	130	15987	68	16	-20	4
-519	117	15982	72	38	-32	4
-528	121	15988	54	68	-24	4
-523	130	15995	37	116	-26	4
-514	111	16039	24	132	-30	4
-491	136	16101	23	138	-25	4
-465	123	16063	57	107	-23	4
-472	133	16070	66	96	-28	4
-471	129	16026	49	55	-27	4
-496	121	16003	81	43	-22	4
-543	132	15970	80	43	-28	4
-523	102	16045	75	55	-36	4
-545	116	15986	67	80	-30	4
-510	107	16032	55	116	-30	4
-492	123	16048	51	144	-13	4
-495	111	16084	48	153	-16	4
-474	123	16095	54	123	-14	4
-474	101	16077	40	87	-24	4
-496	124	16030	70	53	-40	4
-510	127	15994	59	50	-21	4
-526	122	16003	59	52	-16	4
-520	117	15994	57	69	-17	4
-516	109	16022	55	87	-27	4
-535	102	16041	49	107	-24	4
-484	113	16066	63	124	-23	4
-493	112	16080	36	130	-23	4
-498	112	16096	42	112	-17	4
-469	126	16056	37	76	-9	4
-470	128	16050	46	52	-20	4
-508	125	15991	39	44	-19	4
-501	117	16018	71	45	-22	4
-532	116	16000	53	73	-22	4
-493	130	16022	36	99	-15	4
-495	145	16029	38	108	-19	4
-510	148	16053	41	115	-25	4
-493	145	16029	56	103	-17	4
-460	143	16062	65	85	-17	4
-479	144	16063	50	60	-19	4
-475	129	16010	62	58	-16	4
-499	123	16027	55	59	-25	4
-499	121	16014	48	52	-25	4
-510	141	15991	43	54	-19	4
-490	150	16025	47	85	-31	4
-502	146	16058	51	106	-20	4
-489	109	16091	51	103	-31	4
-480	83	16079	54	101	-21	4
-489	52	16080	65	95	-20	4
-491	103	16035	68	80	-23	4
-474	137	16045	47	89	-37	4
-489	182	16032	37	87	-47	4
-515	165	16023	54	63	-34	4
-531	130	16005	32	45	-15	4
-523	71	16045	51	51	8	4
-512	23	15972	89	72	7	4
-543	41	16020	58	106	-6	4
-507	89	16082	26	148	-33	4
-478	141	16108	15	163	-45	4
-465	181	16124	12	138	-44	4
-455	149	16164	45	72	-20	4
-496	125	16040	83	14	-25	4
-515	109	15967	88	9	-24	4
-528	72	15947	73	20	-6	4
-535	76	15949	66	51	0	4
-528	90	15998	30	97	-17	4
-503	103	16063	25	148	-26	4
-482	145	16108	30	165	-30	4
-467	155	16128	32	171	-12	4
-447	160	16120	48	132	-8	4
-449	123	16080	42	79	-9	4
-484	104	16016	61	27	-14	4
-539	105	15913	58	-4	-23	4
-538	137	15921	56	6	-49	4
-529	142	15943	50	55	-50	4
-521	149	16007	33	111	-17	4
-499	114	16052	29	162	-5	4
-469	101	16105	39	181	-12	4
-459	119	16085	50	161	-18	4
-420	143	16121	68	123	-29	4
-451	156	16085	49	84	-34	4
-477	166	16001	55	38	-44	4
-516	175	15954	70	13	-37	4
-540	139	15915	80	17	-39	4
-551	122	15916	83	27	-26	4
-532	103	15987	87	98	-21	4
-509	77	16055	47	159	-16	4
-486	106	16137	30	186	-19	4
-455	138	16161	29	190	-28	4
-457	133	16177	27	146	-32	4
-447	129	16065	56	68	-25	4
-474	119	16002	84	22	-25	4
-524	104	15942	80	-10	-23	4
-528	101	15906	70	0	-35	4
-552	102	15922	64	37	-31	4
-554	87	16016	50	98	-27	4
-536	101	16046	37	153	-27	4
-480	122	16132	45	194	-26	4
-464	111	16166	37	182	-8	4
-441	128	16150	37	141	-19	4
-448	117	16117	57	75	-31	4
-482	103	16086	53	9	-16	4
-530	123	15934	73	-24	-36	4
-533	124	15916	96	-4	-36	4
-571	113	15907	63	32	-23	4
-562	92	15996	37	96	-23	4
-531	103	16050	39	156	-27	4
-474	112	16139	37	202	-29	4
-432	130	16133	52	193	-43	4
-416	135	16156	45	153	-30	4
-453	142	16093	34	86	-31	4
-467	159	16010	47	21	-37	4
-509	159	15939	68	-35	-33	4
-524	122	15895	57	-37	-34	4
-544	119	15918	74	20	-29	4
-533	126	15951	64	103	-17	4
-504	121	16063	51	153	-33	4
-478	132	16115	36	176	-14	4
-418	150	16159	25	174	-13	4
-419	143	16108	47	129	-21	4
-450	126	16076	73	53	-31	4
-473	117	16007	67	1	-39	4
-508	124	15944	70	-16	-46	4
-546	123	15909	74	6	-24	4
-570	120	15916	60	42	-16	4
-522	90	15979	65	96	-20	4
-500	114	16090	74	168	-23	4
-472	112	16108	48	202	-36	4
-456	124	16166	33	183	-33	4
-463	126	16134	39	129	-11	4
-471	105	16070	50	72	-24	4
-499	122	15962	60	4	-36	4
-515	107	15934	77	-17	-43	4
-563	94	15914	67	15	-47	4
-562	112	15928	54	50	-39	4
-536	110	15997	52	115	-34	4
-523	104	16080	32	171	-21	4
-468	105	16098	38	173	-5	4
-464	119	16136	56	175	-28	4
-434	122	16152	48	116	-25	4
-459	121	16070	48	52	-23	4
-490	112	16033	50	-2	-29	4
-538	116	16024	58	-21	-26	4
-553	107	15925	62	-3	-27	4
-547	107	15945	75	66	-30	4
-532	123	16023	41	134	-28	4
-499	109	16076	39	166	-23	4
-441	129	16128	35	182	-33	4
-437	142	16187	25	160	-17	4
-457	158	16108	63	98	-23	4
-461	139	16048	59	53	-34	4
-483	143	16000	59	14	-27	4
-516	127	15960	57	10	-38	4
-528	127	15939	51	34	-26	4
-557	126	15995	52	78	-36	4
-513	129	16046	74	125	-43	4
-481	140	16090	55	157	-26	4
-468	116	16096	46	173	-26	4
-457	119	16111	38	149	-24	4
-455	124	16087	42	94	-13	4
-482	107	15995	52	40	-25	4
-508	113	16001	92	-4	-37	4
-540	115	15941	72	10	-27	4
-540	110	15949	65	48	-26	4
-534	102	15971	56	96	-29	4
-510	112	16038	40	143	-27	4
-490	101	16065	44	161	-21	4
-485	103	16103	54	157	-42	4
-481	117	16103	41	131	-37	4
-479	124	16086	52	77	-22	4
-474	114	16037	50	34	-23	4
-517	121	15998	52	29	-30	4
-531	102	15937	49	16	-31	4
-519	117	15964	61	62	-30	4
-529	111	16003	48	116	-18	4
-519	108	16041	36	148	-16	4
-486	122	16085	26	155	-21	4
-460	129	16113	28	144	-23	4
-473	135	16082	47	124	-11	4
-468	133	16073	60	95	-24	4
-489	132	15997	59	43	-13	4
-514	121	15983	61	20	-17	4
-540	117	15955	51	31	-20	4
-543	121	16035	40	63	-23	4
-501	130	16023	54	102	-15	4
-493	132	16050	67	155	-22	4
-488	147	16072	41	161	-25	4
-456	153	16115	37	146	-30	4
-454	131	16088	58	112	-35	4
-477	127	16118	57	76	-21	4
-514	146	16039	85	42	-20	4
-517	142	16005	76	33	-46	4
-520	141	15981	67	37	-30	4
-509	136	15977	44	73	-28	4
-508	126	16034	30	106	-35	4
-500	116	16102	25	133	-17	4
-486	114	16083	58	127	-18	4
-482	118	16085	57	126	-29	4
-474	129	16063	57	96	-28	4
-488	131	16034	58	67	-15	4
-531	131	15988	35	46	-20	4
-558	114	15958	53	34	-33	4
-519	103	15979	69	55	-29	4
-523	107	15995	43	91	-30	4
-497	105	16054	49	115	-14	4
-479	112	16045	35	138	-20	4
-475	119	16079	40	126	-13	4
-481	100	16031	52	109	-11	4
-454	101	16068	68	90	-24	4
-473	112	16020	56	68	-24	4
-514	94	15996	43	34	-10	4
-490	96	16008	57	43	-28	4
-517	87	15993	47	56	-25	4
-532	114	16014	44	72	-17	4
-507	114	16054	58	106	-18	4
-481	127	16073	37	129	-28	4
-488	130	16085	37	130	-22	4
-472	126	16067	37	114	-19	4
-481	118	16093	40	88	-22	4
-473	139	15998	57	58	-21	4
-481	123	16011	60	44	-38	4
-517	134	15977	26	51	-25	4
-509	124	16021	34	71	-14	4
-502	145	16010	43	102	-30	4
-471	132	16087	34	114	-24	4
-479	136	16071	59	114	-17	4
-485	133	16068	67	122	-23	4
-473	128	16050	60	107	-31	4
-496	129	16050	50	86	-24	4
-496	134	16023	62	61	-37	4
-485	113	16078	54	49	-39	4
-501	136	16011	70	60	-33	4
-491	114	16016	73	82	-22	4
-510	112	16003	52	105	-23	4
-480	118	16051	52	113	-33	4
-483	126	16050	57	115	-24	4
-469	132	16123	50	101	-27	4
-466	137	16042	65	81	-12	4
-516	139	15997	69	58	-6	4
-505	114	16003	55	53	-9	4
-539	89	16012	58	56	1	4
-546	66	16029	60	78	-13	4
-508	50	16095	46	99	-19	4
-463	78	16083	74	119	-23	4
-471	150	16104	37	132	-30	4
-450	196	16092	22	113	-37	4
-473	188	16055	55	72	-37	4
-483	133	16015	79	35	-19	4
-527	56	15934	95	5	-1	4
-523	22	15928	107	12	-3	4
-532	46	15988	80	72	-23	4
-530	59	16069	37	132	-40	4
-503	120	16140	22	179	-40	4
-458	152	16169	22	187	-25	4
-446	174	16139	38	143	-9	4
-433	171	16121	72	86	-19	4
-469	140	16047	80	18	-17	4
-527	105	15897	81	-16	-7	4
-551	65	15894	73	-21	-6	4
-556	84	15905	51	21	-24	4
-538	89	15971	39	89	-19	4
-513	134	16076	42	171	-34	4
-482	163	16161	16	225	-30	4
-440	157	16181	29	213	-17	4
-422	170	16157	55	136	-7	4
-424	146	16103	74	64	-6	4
-476	145	15957	69	-15	-14	4
-511	135	15913	86	-38	-28	4
-583	111	15898	86	-9	-14	4
-584	94	15937	71	55	-17	4
-527	91	16000	54	130	-21	4
-504	97	16116	40	197	-28	4
-479	126	16156	34	211	-23	4
-428	144	16194	42	201	-30	4
-413	145	16153	40	143	-21	4
-464	140	16077	56	47	-30	4
-507	124	15991	64	-23	-19	4
-564	104	15950	72	-48	-24	4
-572	98	15884	78	-31	-31	4
-597	90	15918	67	45	-24	4
-559	81	16030	38	128	-19	4
-504	91	16131	25	210	-22	4
-453	116	16170	5	233	-6	4
-444	135	16241	19	191	-18	4
-418	135	16151	52	108	-28	4
-453	117	16041	65	53	-22	4
-495	150	15992	57	-1	-13	4
-536	95	15883	61	-31	-9	4
-560	95	15929	77	-8	-6	4
-564	121	15949	57	47	-10	4
-523	78	16013	51	109	-16	4
-487	97	16117	40	171	-20	4
-476	156	16180	17	196	-34	4
-430	145	16156	29	189	-18	4
-439	161	16120	35	142	-15	4
-448	140	16009	57	63	-22	4
-476	156	15986	77	11	-15	4
-498	116	15912	69	-2	-21	4
-550	112	15887	64	14	-24	4
-517	134	15976	54	60	-35	4
-555	105	16024	42	130	-27	4
-503	136	16065	40	167	-30	4
-444	153	16116	60	176	-28	4
-453	125	16141	56	169	-21	4
-442	140	16101	50	122	-15	4
-466	131	16023	56	51	-37	4
-503	120	15983	71	-4	-29	4
-517	126	15905	78	-19	-23	4
-556	104	15896	81	7	-32	4
-573	130	15990	44	77	-24	4
-526	94	16045	28	139	-26	4
-485	106	16112	24	174	-21	4
-469	125	16153	29	179	-21	4
-441	117	16121	24	142	-15	4
-453	133	16105	67	99	-32	4
-475	141	16011	66	31	-22	4
-527	130	15908	76	-26	-13	4
-571	98	15919	70	-11	-17	4
-589	83	15961	46	35	-2	4
-540	93	15992	51	94	-16	4
-506	87	16061	54	158	-32	4
-486	141	16145	26	191	-39	4
-467	145	16178	30	177	-44	4
-445	125	16154	44	137	-26	4
-456	137	16150	51	62	-19	4
-479	131	15991	84	-1	-33	4
-502	96	15935	85	-16	-23	4
-535	103	15933	71	-2	-25	4
-541	123	15937	52	50	-36	4
-514	132	16014	43	109	-41	4
-510	131	16105	36	147	-27	4
-458	154	16128	58	181	-29	4
-425	138	16139	65	182	-23	4
-434	134	16119	48	133	-20	4
-454	133	16083	47	71	-29	4
-474	138	16006	56	0	-23	4
-499	136	15949	69	-25	-30	4
-523	133	15938	99	-5	-36	4
-526	138	15938	68	46	-33	4
-503	114	16033	55	108	-23	4
-504	110	16077	39	166	-18	4
-463	139	16142	19	176	-10	4
-454	133	16089	43	147	-19	4
-432	142	16137	67	110	-27	4
-448	145	16029	48	43	-25	4
-497	140	15978	62	5	-27	4
-536	118	15943	84	-18	-24	4
-548	101	15961	71	18	-19	4
-573	131	15930	63	60	-27	4
-537	113	16011	80	120	-27	4
-519	121	16080	47	163	-24	4
-485	111	16119	33	173	-23	4
-486	135	16089	54	143	-29	4
-472	122	16072	55	85	-28	4
-483	103	16023	78	24	-28	4
-500	103	15975	87	-5	-29	4
-535	109	15974	67	8	-27	4
-565	113	15955	79	49	-36	4
-543	114	16007	52	91	-23	4
-545	113	16058	43	143	-23	4
-483	130	16087	55	155	-22	4
-469	118	16107	51	161	-26	4
-431	121	16110	47	130	-16	4
-461	120	16074	65	71	-29	4
-484	118	16032	73	26	-29	4
-501	127	16037	72	-7	-30	4
-533	135	15926	63	-11	-35	4
-526	118	15945	74	39	-41	4
-517	103	16018	49	93	-33	4
-521	123	16059	43	142	-23	4
-492	129	16097	55	171	-19	4
-435	113	16177	43	169	-33	4
-449	137	16098	64	127	-32	4
-466	133	16061	60	77	-38	4
-482	124	16009	67	39	-29	4
-502	117	15988	53	10	-20	4
-511	122	15973	53	18	-25	4
-526	128	15984	48	42	-28	4
-525	128	15983	66	90	-22	4
-492	115	16027	47	134	-19	4
-463	139	16099	38	153	-23	4
-471	127	16117	30	134	-26	4
-467	135	16108	46	92	-25	4
-479	124	16020	66	49	-27	4
-506	116	16019	75	30	-33	4
-537	108	15963	56	28	-37	4
-551	123	15973	62	27	-31	4
-551	129	15988	52	59	-28	4
-529	123	16011	58	111	-25	4
-513	115	16044	60	124	-10	4
-492	135	16068	76	136	-25	4
-488	120	16070	44	134	-22	4
-465	110	16081	53	94	-21	4
-478	97	16062	41	50	-14	4
-494	140	16000	52	41	-15	4
-527	131	15951	65	33	-23	4
-526	108	15996	81	58	-40	4
-535	101	16010	46	90	-33	4
-519	115	16040	46	110	-27	4
-478	121	16095	54	125	-22	4
-456	123	16120	49	136	-19	4
-463	133	16078	50	115	-24	4
-484	123	16058	68	83	-25	4
-468	120	16023	54	50	-19	4
-500	106	16013	58	40	-24	4
-510	123	15987	54	44	-18	4
-494	127	16044	52	65	-14	4
-531	134	15951	54	87	-18	4
-507	122	16016	59	128	-21	4
-463	131	16055	55	139	-19	4
-468	142	16071	59	131	-13	4
-474	122	16070	43	104	-22	4
-472	144	16118	47	65	-28	4
-458	158	16033	76	35	-23	4
-476	130	16033	57	41	-24	4
-499	132	16003	49	35	-31	4
-529	133	15996	50	78	-30	4
-508	114	16021	46	89	-19	4
-505	134	16035	54	117	-11	4
-486	118	16033	71	120	-14	4
-483	121	16041	56	128	-25	4
-479	102	16044	64	97	-26	4
-478	124	16072	69	81	-30	4
-498	113	16028	68	61	-38	4
-521	95	16015	57	37	-25	4
-542	106	15981	63	43	-19	4
-505	124	15997	51	83	-23	4
-507	102	16005	40	123	-14	4
-485	113	16050	46	125	-18	4
-479	125	16052	55	114	-29	4
-502	104	16055	51	107	-22	4
-477	128	16048	72	91	-17	4
-488	124	16011	57	60	-21	4
-525	112	15994	54	52	-16	4
-524	124	16005	58	65	-16	4
-522	147	15997	55	65	-8	4
-522	121	16000	43	71	-26	4
-511	117	16040	64	100	-30	4
-510	93	16047	66	131	-27	4
-499	106	16053	61	126	-25	4
-476	112	16068	54	106	-33	4
-472	130	16084	47	91	-35	4
-508	147	16017	46	62	-26	4
-516	169	16021	78	53	-35	4
-506	162	15982	50	46	-16	4
-529	129	15960	50	48	-13	4
-524	101	15928	73	68	-16	4
-493	94	16026	67	97	-16	4
-495	103	16024	57	126	-36	4
-484	137	16074	58	141	-47	4
-472	132	16118	35	142	-31	4
-442	153	16123	45	116	-20	4
-437	137	16086	61	73	-20	4
-484	118	16077	66	43	-34	4
-493	105	15974	86	9	-29	4
-520	95	15964	76	32	-25	4
-522	88	15972	62	53	-18	4
-527	89	15970	55	92	-22	4
-497	81	16036	49	135	-28	4
-496	91	16115	51	149	-17	4
-438	104	16145	60	149	-17	4
-449	90	16156	65	122	-20	4
-473	111	16076	48	80	-7	4
-487	108	16004	42	30	-22	4
-502	85	15992	52	7	-39	4
-533	99	16006	65	14	-39	4
-548	92	15962	72	38	-36	4
-532	105	15998	52	102	-30	4
-504	110	16052	31	144	-15	4
-471	103	16092	43	161	-11	4
-460	110	16100	43	153	-13	4
-446	114	16095	22	116	-16	4
-463	154	16092	69	59	-36	4
-483	153	16012	74	31	-32	4
-514	162	15972	69	10	-19	4
-531	137	15943	73	23	-17	4
-530	114	15956	56	51	-14	4
-504	115	15980	56	91	-9	4
-509	130	16067	52	142	-19	4
-484	153	16102	34	178	-32	4
-465	148	16138	27	163	-13	4
-452	169	16099	51	126	-19	4
-454	147	16041	57	70	-33	4
-475	145	15971	70	18	-16	4
-506	137	15925	91	-17	-16	4
-541	130	15902	75	21	-16	4
-523	107	15934	60	60	-18	4
-530	118	16005	46	112	-20	4
-515	125	16102	38	159	-30	4
-471	103	16103	45	186	-25	4
-431	108	16160	63	181	-19	4
-432	117	16145	41	127	-27	4
-446	134	16090	62	64	-23	4
-460	125	16015	79	14	-31	4
-524	111	15994	74	-10	-21	4
-522	99	15926	70	-8	-33	4
-542	91	15959	62	53	-41	4
-525	99	16000	52	104	-28	4
-497	88	16048	30	151	-16	4
-464	95	16118	39	177	-21	4
-452	121	16181	45	179	-13	4
-429	122	16131	50	133	-17	4
-441	117	16058	68	64	-10	4
-486	99	16016	69	6	-19	4
-513	112	15922	65	-8	-28	4
-536	103	15906	73	12	-21	4
-574	106	15956	68	43	-18	4
-527	108	15998	68	113	-30	4
-503	116	16061	57	175	-23	4
-463	125	16120	45	198	-21	4
-452	136	16145	36	169	-21	4
-454	133	16081	40	136	-8	4
-501	140	16021	29	66	-7	4
-501	122	15951	75	-2	-29	4
-535	128	15973	75	2	-34	4
-530	110	15951	63	17	-36	4
-573	134	15930	52	73	-20	4
-524	129	16035	47	130	-17	4
-516	133	16061	44	170	-24	4
-465	134	16145	53	178	-17	4
-452	120	16136	28	154	-27	4
-456	140	16121	38	106	-26	4
-481	141	16047	71	48	-23	4
-510	123	15973	70	16	-24	4
-555	128	15918	72	4	-34	4
-524	124	15935	85	33	-35	4
-542	118	15949	63	95	-31	4
-509	103	16028	53	139	-29	4
-480	112	16081	36	158	-28	4
-484	111	16126	31	165	-32	4
-476	137	16107	57	125	-15	4
-463	119	16083	87	84	-23	4
-480	114	16025	80	53	-25	4
-493	109	15961	57	7	-13	4
-534	113	15939	59	2	-18	4
-552	92	16006	59	45	-31	4
-536	89	15960	56	93	-26	4
-509	98	16018	51	147	-18	4
-477	103	16102	36	171	-24	4
-447	102	16132	21	168	-17	4
-430	117	16120	38	144	0	4
-459	112	16138	52	81	-11	4
-485	108	16005	76	32	-12	4
-502	121	15979	65	20	-17	4
-500	116	15950	46	28	-18	4
-539	117	15960	54	51	-19	4
-515	139	15974	41	98	-27	4
-522	144	16061	43	135	-25	4
-466	130	16066	63	142	-15	4
-469	125	16090	56	152	-21	4
-456	127	16068	43	117	-13	4
-447	143	16062	49	73	4	4
-483	150	15974	61	39	-4	4
-506	139	16013	61	25	-17	4
-520	148	15925	82	33	-24	4
-538	143	15955	72	60	-25	4
-530	133	16007	51	105	-24	4
-495	132	16037	48	138	-31	4
-465	125	16083	45	149	-22	4
-489	140	16082	50	137	-17	4
-480	137	16063	80	104	-30	4
-483	137	16034	70	76	-25	4
-505	124	15994	68	53	-25	4
-520	140	15979	67	47	-36	4
-552	123	15982	58	55	-27	4
-524	113	15972	55	76	-23	4
-530	131	16014	75	113	-30	4
-507	122	16036	47	133	-17	4
-479	110	16082	37	141	-27	4
-485	120	16079	56	126	-27	4
-481	103	16072	62	93	-14	4
-464	102	16030	58	58	-29	4
-485	105	15993	71	35	-25	4
-526	120	15974	71	51	-9	4
-510	111	16009	68	62	-23	4
-516	90	16000	56	90	-38	4
-506	99	16051	53	110	-33	4
-483	120	16041	55	113	-21	4
-480	129	16052	66	127	-14	4
-482	123	16085	51	118	-12	4
-470	104	16037	56	92	-32	4
-475	105	16018	59	65	-22	4
-501	123	16025	51	42	-34	4
-522	120	15989	78	28	-43	4
-495	110	15988	70	50	-33	4
-485	124	16030	54	96	-22	4
-494	121	16019	37	117	-14	4
-461	123	16048	36	133	-18	4
-470	141	16126	46	126	-21	4
-473	123	16081	63	98	-21	4
-478	125	16026	78	82	-19	4
-522	142	16015	57	60	-21	4
-498	119	16021	60	65	-24	4
-504	129	15998	53	67	-26	4
-512	123	16040	66	79	-26	4
-506	133	16014	78	94	-27	4
-505	137	16038	57	118	-19	4
-494	120	16027	46	118	-33	4
-481	125	16070	44	115	-22	4
-487	124	16057	56	93	-25	4
-520	124	16015	69	73	-27	4
-503	120	16024	81	67	-32	4
-503	111	16021	67	65	-31	4
-516	124	16012	53	70	-34	4
-533	105	15999	60	82	-37	4
-520	100	16017	42	101	-25	4
-515	117	16022	37	114	-13	4
-492	119	16078	67	97	-17	4
-494	114	16054	59	103	-27	4
-496	104	16039	56	88	-26	4
-495	115	16046	53	73	-19	4
-515	94	16019	58	80	-14	4
-534	111	16002	67	65	-23	4
-526	120	15977	74	82	-25	4
-509	111	16013	62	105	-9	4
-491	113	16030	63	106	-16	4
-486	118	16047	57	115	-30	4
-469	118	16046	47	99	-22	4
-466	119	15996	51	86	-16	4
-496	111	16017	68	85	-27	4
-473	118	16018	53	76	-19	4
-496	129	16036	57	67	-17	4
-482	112	16002	45	78	-27	4
-492	116	16037	34	83	-15	4
-468	121	16003	46	74	-16	4
-475	137	16031	66	99	-22	4
-459	126	16038	54	102	-27	4
-483	127	16023	67	101	-20	4
-462	120	16045	54	86	-11	4
-505	134	16059	56	78	-19	4
-482	150	16014	69	69	-25	4
-493	155	16003	66	85	-45	4
-502	131	16016	49	76	-30	4
-488	128	16027	39	88	-25	4
-485	111	16006	47	99	-3	4
-527	107	16069	51	105	-18	4
-503	104	16036	66	94	-27	4
-488	123	16063	58	110	-30	4
-471	145	16043	42	99	-20	4
-514	159	16019	41	84	-27	4
-505	131	16029	54	71	-27	4
-530	101	15977	73	56	-21	4
-512	93	15964	93	43	-18	4
-543	65	15991	60	68	-9	4
-535	88	16027	54	101	-13	4
-501	107	16051	41	129	-17	4
-503	104	16070	23	126	-31	4
-485	117	16055	37	117	-20	4
-482	123	16063	68	99	-23	4
-490	97	16054	51	75	-30	4
-516	116	16009	50	56	-25	4
-502	105	15978	72	49	-34	4
-523	109	15966	66	44	-21	4
-531	90	15938	59	60	-6	4
-515	95	16003	67	99	-14	4
-515	97	16018	38	134	-23	4
-485	98	16050	36	147	-23	4
-480	128	16091	31	133	-16	4
-472	118	16078	52	121	-12	4
-467	111	16059	68	77	-16	4
-484	144	16012	82	47	-19	4
-509	125	16007	64	39	-32	4
-509	141	15972	63	44	-25	4
-528	135	15971	57	62	-28	4
-534	114	16043	54	103	-33	4
-475	129	16016	55	118	-23	4
-469	124	16082	53	140	-36	4
-438	132	16093	35	130	-27	4
-462	148	16088	46	101	-25	4
-484	158	16024	55	69	-22	4
-510	139	16051	70	56	-30	4
-500	136	15977	83	22	-38	4
-520	118	15940	82	36	-47	4
-540	131	15968	60	76	-36	4
-504	124	16023	45	122	-19	4
-499	133	16038	45	140	-21	4
-496	119	16131	57	142	-28	4
-458	127	16103	64	112	-21	4
-460	106	16084	59	107	-19	4
-505	123	16022	45	74	-24	4
-515	105	15991	54	43	-38	4
-521	128	15954	57	31	-27	4
-558	113	15971	72	50	-23	4
-558	114	15955	85	76	-25	4
-532	108	15993	66	118	-11	4
-511	100	16052	48	154	-8	4
-468	106	16103	35	164	-3	4
-454	106	16081	35	143	-10	4
-458	102	16095	43	106	-16	4
-471	116	16039	72	68	-25	4
-507	117	15995	82	40	-41	4
-525	109	15967	77	28	-41	4
-548	114	15963	78	43	-25	4
-520	120	15950	68	70	-28	4
-552	106	15998	63	108	-27	4
-492	136	16063	67	133	-29	4
-462	118	16107	54	146	-31	4
-483	124	16087	56	135	-27	4
-466	138	16073	44	109	-18	4
-464	128	16055	42	51	-20	4
-461	128	15971	64	29	-18	4
-507	153	15919	84	34	-21	4
-516	130	15946	68	45	-23	4
-523	137	15975	69	79	-19	4
-524	144	15990	51	124	-10	4
-483	138	16051	47	149	-19	4
-458	136	16053	37	127	-22	4
-462	139	16081	69	128	-34	4
-475	141	16047	65	103	-33	4
-464	117	16023	57	54	-31	4
-481	130	15997	50	35	-21	4
-530	117	15971	63	39	-17	4
-513	128	15953	70	52	-27	4
-523	130	15980	68	89	-24	4
-509	140	16028	51	133	-29	4
-497	131	16075	47	148	-21	4
-488	114	16080	52	133	-14	4
-497	112	16133	58	116	-25	4
-466	118	16052	71	71	-16	4
-483	122	16034	66	51	-19	4
-517	131	15967	57	39	-12	4
-529	128	15980	65	38	-27	4
-536	115	15981	73	65	-33	4
-543	105	16047	64	100	-7	4
-523	104	16016	58	118	-3	4
-501	110	16056	37	146	-17	4
-476	127	16071	32	149	-20	4
-466	126	16092	48	115	-20	4
-497	137	16089	67	72	-16	4
-501	119	16059	74	42	-14	4
-499	115	15991	91	33	-33	4
-545	101	15970	79	53	-18	4
-523	99	15976	54	74	-25	4
-511	131	16026	55	91	-30	4
-497	147	16034	62	117	-20	4
-468	139	16047	67	130	-11	4
-474	141	16068	85	116	-19	4
-486	130	16065	56	103	-16	4
-470	124	16031	57	80	-10	4
-485	131	16034	61	55	-8	4
-507	139	16002	63	42	-17	4
-536	136	15927	57	38	-17	4
-508	131	16012	79	70	-20	4
-512	126	16012	57	101	-24	4
-480	108	16047	41	126	-24	4
-461	133	16047	36	137	-16	4
-476	126	16048	32	110	-12	4
-469	121	16038	46	75	-26	4
-468	109	16016	58	59	-25	4
-490	131	16003	66	62	-9	4
-511	117	15994	66	64	-22	4
-525	123	15994	53	72	-42	4
-526	115	16005	44	91	-29	4
-522	107	15984	47	107	-20	4
-514	123	16053	66	123	-34	4
-489	96	16072	68	126	-29	4
-489	101	16075	51	102	-22	4
-475	124	16049	43	90	-20	4
-497	101	16048	45	63	-20	4
-504	100	15996	64	44	-21	4
-522	104	15983	66	56	-25	4
-507	102	15984	46	68	-12	4
-514	101	16015	40	79	-21	4
-506	106	16045	26	106	-30	4
-506	105	16105	32	133	-22	4
-490	103	16056	68	115	-23	4
-495	124	16045	76	104	-13	4
-491	116	16046	61	85	-19	4
-491	118	16003	56	66	-25	4
-501	121	15996	53	73	-32	4
-500	113	16059	51	63	-23	4
-529	138	15996	72	82	-29	4
-517	117	16026	60	104	-24	4
-496	106	16035	32	113	-16	4
-498	140	16035	37	127	-16	4
-464	142	16039	54	114	-19	4
-476	139	16045	55	90	-28	4
-486	127	16059	66	81	-27	4
-498	136	16009	68	69	-23	4
-504	144	15995	49	57	-27	4
-509	134	15999	35	63	-18	4
-492	125	16017	47	76	-22	4
-499	119	15995	40	80	-23	4
-456	123	16033	69	99	-13	4
-471	125	16036	52	122	-24	4
-467	117	16059	52	108	-25	4
-463	127	16030	65	82	-21	4
-466	116	16026	71	72	-15	4
-495	109	15985	63	60	-21	4
-507	114	15990	76	62	-19	4
-539	113	15980	59	81	-22	4
-514	103	15999	46	90	-26	4
-513	109	16012	46	109	-14	4
-506	111	16020	38	108	-15	4
-507	97	16046	47	99	-19	4
-488	99	16054	56	87	-35	4
-481	110	16058	41	92	-33	4
-481	97	16018	42	84	-25	4
-484	121	16029	48	74	-23	4
-503	103	16048	48	73	-19	4
-511	122	16026	65	72	-21	4
-512	109	16034	76	84	-36	4
-530	126	16017	43	102	-22	4
-506	116	16027	41	110	-10	4
-503	111	16012	44	114	-11	4
-509	121	16070	41	94	-10	4
-497	126	16027	56	75	-15	4
-503	135	16017	71	69	-40	4
-510	142	16019	64	68	-34	4
-517	115	16019	76	70	-28	4
-507	145	16011	51	74	-29	4
-512	150	16062	48	72	-28	4
-509	135	16025	43	88	-25	4
-476	148	16022	56	102	-22	4
-488	143	16031	56	105	-22	4
-475	149	16051	50	92	-16	4
-482	154	16030	45	85	-17	4
-478	132	16057	60	67	-3	4
-498	140	16018	74	64	-26	4
-511	134	16010	44	73	-33	4
-503	145	15985	54	78	-18	4
-494	128	15999	55	95	-30	4
-492	125	16045	56	104	-28	4
-484	119	16033	48	104	-19	4
-482	117	16053	57	100	-31	4
-483	111	16030	66	102	-31	4
-487	96	16017	65	104	-32	4
-467	108	16026	48	72	-21	4
-498	122	16003	49	78	-27	4
-499	116	15992	72	82	-26	4
-502	134	15992	86	89	-31	4
-506	126	16013	75	93	-31	4
-497	104	16050	67	102	-36	4
-501	94	16036	69	112	-28	4
-469	96	16072	45	104	-7	4
-477	119	16027	32	107	-10	4
-486	148	16056	65	101	-26	4
-487	160	16019	50	85	-22	4
-502	152	16015	46	62	-25	4
-509	111	15983	66	67	-20	4
-494	94	15998	71	79	-13	4
-470	79	15998	70	76	-19	4
-506	116	15987	62	93	-31	4
-488	128	16046	51	118	-26	4
-490	131	16085	43	136	-24	4
-486	137	16088	44	121	-16	4
-474	124	16082	53	94	-12	4
-497	118	16021	73	65	-20	4
-514	122	16009	77	61	-35	4
-513	132	16008	58	65	-29	4
-506	122	15990	56	68	-23	4
-504	115	15985	35	84	-25	4
-509	108	16061	43	98	-22	4
-501	108	16029	52	110	-15	4
-504	113	16032	66	138	-18	4
-461	115	16068	38	136	-16	4
-475	126	16071	50	123	-20	4
-489	146	16059	63	108	-22	4
-498	136	16073	59	74	-20	4
-501	125	16017	76	40	-21	4
-496	115	16014	67	53	-19	4
-497	108	15965	68	73	-16	4
-508	117	16020	48	106	-14	4
-497	135	16044	45	127	-10	4
-518	130	16049	40	123	-7	4
-465	137	16053	57	133	-28	4
-474	115	16085	46	128	-34	4
-464	130	16061	56	101	-28	4
-471	141	16020	65	75	-20	4
-510	126	15984	48	57	-19	4
-521	122	15941	59	41	-6	4
-506	105	15986	75	56	-25	4
-511	116	16004	57	95	-24	4
-499	132	16015	50	125	-27	4
-473	128	16072	42	137	-28	4
-445	123	16095	51	139	-25	4
-462	131	16043	49	112	-21	4
-472	127	16036	79	87	-18	4
-481	139	16016	52	65	-27	4
-514	143	15990	41	58	-36	4
-518	136	15965	41	64	-24	4
-524	116	15965	45	73	-18	4
-530	91	15970	60	94	-15	4
-518	109	16010	78	131	-17	4
-502	134	16043	51	143	-16	4
-454	142	16101	33	140	-31	4
-478	105	16085	37	123	-38	4
-502	136	16070	40	93	-21	4
-501	124	16015	63	37	-16	4
-505	118	15991	76	20	-41	4
-556	137	15937	65	33	-30	4
-538	111	15953	55	50	-31	4
-529	114	15981	53	100	-16	4
-501	115	16081	39	133	-19	4
-489	115	16059	42	133	-23	4
-480	137	16080	43	133	-33	4
-477	114	16074	28	125	-22	4
-480	133	16064	40	90	-15	4
-477	123	16035	54	55	-20	4
-490	97	16057	49	40	-9	4
-535	126	15993	59	35	-17	4
-527	112	15966	56	60	-30	4
-532	105	15994	40	102	-25	4
-513	130	16007	49	135	-17	4
-490	128	16055	47	154	-15	4
-461	119	16114	42	139	-16	4
-461	130	16074	48	99	-28	4
-486	134	16034	65	89	-27	4
-481	116	16026	49	53	-27	4
-492	126	15992	48	36	-25	4
-507	117	15988	63	60	-26	4
-518	109	15963	59	59	-15	4
-518	122	16007	68	82	-14	4
-481	120	16044	56	126	-16	4
-468	123	16072	33	151	-15	4
-462	134	16082	35	148	-13	4
-463	130	16074	46	127	-7	4
-476	122	16013	37	78	-10	4
-471	132	16013	73	48	-36	4
-501	129	15993	69	40	-25	4
-519	132	15974	70	59	-29	4
-527	128	15992	63	69	-18	4
-526	109	16006	52	89	-19	4
-497	102	16020	50	120	-36	4
-505	124	16057	63	139	-40	4
-480	107	16113	51	136	-15	4
-476	134	16065	50	120	-20	4
-459	109	16049	39	79	-16	4
-496	124	16000	58	58	-21	4
-506	109	15971	69	42	-30	4
-521	123	15955	81	49	-29	4
-512	120	15983	59	63	-23	4
-510	120	16015	46	108	-12	4
-514	118	16021	38	122	-18	4
-482	104	16081	33	137	-13	4
-482	154	16071	52	121	-25	4
-473	120	16064	53	109	-25	4
-461	128	16055	37	69	-20	4
-491	131	15998	58	37	-16	4
-516	108	15999	77	45	-21	4
-511	103	16047	67	45	-16	4
-488	103	15983	69	69	-24	4
-499	97	16006	69	101	-38	4
-502	104	16030	50	127	-34	4
-474	113	16073	38	131	-34	4
-473	128	16057	55	122	-26	4
-496	136	16106	54	101	-29	4
-472	127	16029	71	68	-33	4
-493	112	15992	64	46	-28	4
-491	113	16017	65	41	-30	4
-534	115	15989	56	57	-27	4
-513	110	15995	52	77	-17	4
-521	123	16016	36	106	-20	4
-507	126	16043	68	115	-43	4
-507	131	16066	61	137	-33	4
-482	136	16067	55	129	-21	4
-474	136	16055	49	101	-32	4
-467	118	16020	54	75	-27	4
-492	117	15980	56	58	-25	4
-509	117	15978	70	37	-46	4
-495	106	15991	61	66	-38	4
-497	112	16005	40	91	-15	4
-521	104	16016	43	113	-33	4
-502	126	16048	25	121	-29	4
-473	106	16034	37	111	-21	4
-486	123	16059	72	100	-13	4
-463	115	16055	67	91	-15	4
-489	134	16032	52	66	-18	4
-508	135	16011	71	55	-18	4
-514	131	15972	70	59	-26	4
-521	125	15982	47	66	-31	4
-521	115	15958	53	85	-36	4
-509	129	16029	34	107	-21	4
-478	119	16074	33	122	-11	4
-469	106	16073	48	119	-19	4
-470	134	16104	47	119	-13	4
-481	103	16038	56	79	-18	4
-471	127	15995	69	60	-20	4
-503	115	15995	55	58	-7	4
-509	126	16006	60	61	-17	4
-510	109	15992	55	88	-10	4
-509	119	16067	41	87	-25	4
-506	116	16019	44	83	-32	4
-488	131	16040	57	116	-33	4
-484	121	16069	49	123	-21	4
-498	113	16072	72	106	-12	4
-476	129	16049	61	80	-20	4
-515	116	16064	55	61	-28	4
-531	117	16014	57	57	-28	4
-500	127	16010	60	59	-18	4
-506	136	16014	56	79	-25	4
-502	130	16022	50	97	-31	4
-498	108	16041	53	111	-8	4
-479	113	16098	36	102	-5	4
-498	137	16047	63	87	-21	4
-488	115	16055	71	102	-32	4
-481	108	16056	74	100	-25	4
-476	125	16032	60	76	-21	4
-514	128	15992	46	71	-16	4
-504	110	16001	57	70	-13	4
-497	115	16020	64	67	-20	4
-517	107	16014	55	92	-28	4
-491	113	16026	50	115	-19	4
-502	110	16082	59	126	-14	4
-458	115	16077	65	115	-24	4
-494	119	16027	56	81	-21	4
-461	130	16044	70	73	-22	4
-496	118	16011	63	62	-23	4
-509	138	15997	51	65	-19	4
-515	127	15983	54	81	-13	4
-504	130	16026	80	94	-18	4
-498	109	15994	67	100	-19	4
-504	128	16048	62	110	-30	4
-501	133	16053	44	111	-29	4
-475	119	16040	46	111	-27	4
-480	124	16073	58	104	-22	4
-487	141	16029	61	83	-21	4
-494	124	16017	73	54	-8	4
-522	116	16014	83	68	-26	4
-502	137	16010	67	80	-27	4
-489	130	16019	54	82	-23	4
-496	125	16021	39	104	-22	4
-479	119	16059	41	104	-19	4
-482	135	16026	55	102	-17	4
-474	122	16035	80	108	-27	4
-492	126	16025	56	99	-25	4
-489	119	16023	58	84	-19	4
-479	141	16025	58	71	-22	4
-491	141	16044	43	74	-26	4
-503	126	15995	71	66	-32	4
-505	120	15998	79	75	-34	4
-499	131	16022	53	93	-35	4
-497	124	16037	47	104	-18	4
-479	113	16056	47	97	-23	4
-492	84	16109	46	98	-11	4
-475	106	16058	83	98	-26	4
-466	114	16050	78	94	-30	4
-498	131	16025	49	79	-48	4
-517	145	16012	49	66	-35	4
-519	127	16009	52	58	-30	4
-519	118	16003	57	61	-10	4
-522	110	15984	84	61	-17	4
-517	113	16000	69	86	-9	4
-495	113	16023	59	108	-22	4
-476	87	16052	41	115	-36	4
-466	95	16063	36	118	-33	4
-475	86	16047	55	107	-26	4
-448	100	16079	76	73	-34	4
-488	107	16032	52	78	-24	4
-492	109	16020	47	73	-27	4
-471	132	16024	40	58	-40	4
-534	114	16021	51	70	-46	4
-511	120	15988	60	70	-28	4
-495	125	16020	73	88	-32	4
-502	125	16033	49	101	-35	4
-493	120	16036	55	94	-28	4
-492	126	16050	47	107	-30	4
-501	155	16040	50	96	-30	4
-484	143	16038	60	76	-29	4
-467	141	16038	68	61	-26	4
-475	130	16048	62	67	-22	4
-498	125	15997	61	69	-16	4
-491	124	16002	50	79	-29	4
-492	121	16037	42	79	-37	4
-492	128	16027	49	95	-27	4
-484	120	16042	72	109	-24	4
-509	143	16056	45	101	-23	4
-461	129	16052	45	96	-25	4
-502	120	16031	46	85	-13	4
-492	115	16080	39	75	-28	4
-504	133	15993	58	57	-42	4
-510	122	15993	72	59	-44	4
-508	119	15987	45	93	-34	4
-520	115	16030	40	99	-23	4
-507	98	16029	52	107	-20	4
-504	118	16109	51	115	-21	4
-481	96	16075	53	110	-34	4
-478	109	16059	54	107	-29	4
-470	104	16061	40	83	-28	4
-495	125	16031	49	66	-28	4
-489	138	15992	60	61	-20	4
-523	114	16032	70	63	-16	4
-517	123	15974	82	67	-18	4
-502	108	16021	58	95	-26	4
-516	94	16046	40	109	-35	4
-506	108	16040	37	120	-22	4
-477	110	16095	40	136	-25	4
-495	118	16074	45	114	-25	4
-463	124	16043	55	79	-39	4
-485	135	16043	47	77	-28	4
-505	115	15992	68	53	-22	4
-509	124	15989	65	56	-15	4
-516	123	15997	75	64	-19	4
-532	120	15972	53	89	-24	4
-519	127	16016	62	107	-42	4
-475	139	16052	64	121	-39	4
-472	131	16040	45	117	-39	4
-474	130	16066	35	114	-27	4
-474	131	16067	22	91	-19	4
-486	145	15997	50	66	-21	4
-514	133	16021	81	58	-41	4
-528	147	15994	53	66	-38	4
-517	125	15981	57	81	-19	4
-511	133	16018	57	87	-27	4
-515	136	16011	59	101	-17	4
-507	116	16003	50	109	-19	4
-487	122	16030	70	125	-34	4
-486	139	16062	41	104	-32	4
-482	105	16058	30	95	-25	4
-497	123	16043	56	71	-28	4
-504	136	16020	55	50	-29	4
-524	122	15951	64	54	-23	4
-501	110	15982	65	84	-35	4
-521	110	16007	50	93	-25	4
-501	114	16027	60	113	-40	4
-499	109	16058	56	120	-35	4
-497	124	16098	50	115	-23	4
-489	101	16063	56	89	-14	4
-486	118	16032	54	77	-23	4
-493	117	16020	38	73	-22	4
-487	94	16032	56	67	-21	4
-516	123	16003	44	60	-18	4
-508	86	16050	46	67	-13	4
-508	100	16007	68	70	-25	4
-481	111	16052	61	98	-31	4
-477	111	16047	44	104	-25	4
-471	122	16052	27	107	-20	4
-455	122	16068	15	98	-29	4
-467	120	16070	34	73	-26	4
-491	120	16014	67	55	-21	4
-504	116	16001	76	66	-26	4
-510	126	16009	56	66	-21	4
-510	132	16001	61	73	-23	4
-498	125	16018	49	89	-17	4
-518	126	16041	51	107	-14	4
-495	121	16055	68	103	-17	4
-485	124	16065	40	106	-18	4
-485	130	16064	41	100	-23	4
-473	128	16049	43	80	-13	4
-483	132	16019	44	71	-24	4
-514	142	15999	45	44	-24	4
-527	140	15998	65	52	-25	4
-516	111	16039	66	80	-16	4
-502	116	16001	58	100	-18	4
-517	113	16007	46	111	-27	4
-493	131	16059	43	105	-13	4
-485	118	16018	42	102	-18	4
-527	117	16049	67	92	-23	4
-483	139	16044	60	89	-11	4
-477	115	16028	62	81	-28	4
-480	111	16009	64	63	-26	4
-536	103	15994	78	63	-24	4
-524	108	15991	58	72	-27	4
-497	104	16035	69	106	-33	4
-497	110	16064	48	123	-16	4
-496	125	16041	36	118	-14	4
-479	111	16036	33	103	-29	4
-491	123	16075	43	96	-38	4
-489	114	16024	73	62	-30	4
-494	118	15994	66	71	-22	4
-497	121	15992	55	67	-38	4
-507	125	15996	51	68	-34	4
-487	120	16019	60	97	-25	4
-485	84	16103	56	115	-10	4
-494	113	16043	75	105	-18	4
-494	129	16061	79	109	-25	4
-471	131	16068	43	97	-17	4
-472	150	16058	40	84	-18	4
-491	148	16050	49	65	-21	4
-480	113	16050	42	70	-20	4
-501	122	15992	71	74	-39	4
-523	136	16003	69	83	-37	4
-509	135	16012	50	87	-23	4
-508	133	16040	32	100	-21	4
-487	117	16049	33	105	-23	4
-499	135	16052	33	107	-24	4
-492	126	16038	49	81	-27	4
-491	125	16049	69	94	-39	4
-496	131	16008	66	84	-25	4
-512	124	16024	65	69	-25	4
-517	114	16022	70	70	-26	4
-518	128	15984	59	76	-26	4
-507	122	16034	73	89	-33	4
-511	131	16025	38	93	-30	4
-482	128	16043	34	93	-23	4
-501	134	16012	43	97	-16	4
-487	112	16051	39	91	-14	4
-528	120	16006	42	87	-21	4
-493	118	16032	61	82	-38	4
-509	119	16017	43	79	-23	4
-511	129	15999	62	79	-22	4
-503	130	16010	71	94	-22	4
-487	112	16065	61	111	-16	4
-491	103	16066	55	99	-8	4
-491	118	16044	64	107	-19	4
-475	117	16060	37	103	-16	4
-473	107	16044	43	98	-24	4
-496	131	16052	60	88	-38	4
-490	125	16071	55	74	-35	4
-518	133	15977	59	64	-29	4
-520	119	16029	71	73	-32	4
-505	113	16046	65	83	-17	4
-506	130	16031	48	86	-10	4
-477	124	16048	37	95	-14	4
-494	116	16080	40	99	-18	4
-472	124	16019	66	75	-33	4
-467	140	16067	74	95	-39	4
-526	126	16026	60	86	-39	4
-485	110	16015	66	61	-29	4
-481	118	16014	39	48	-13	4
-490	117	16082	35	72	-21	4
-498	124	16015	43	84	-30	4
-493	129	16028	49	91	-37	4
-493	124	16052	41	105	-31	4
-490	127	16031	45	99	-25	4
-488	131	16013	49	89	-17	4
-479	117	16064	55	84	-30	4
-474	115	16024	70	72	-32	4
-477	123	16026	53	79	-22	4
-503	133	16010	56	77	-21	4
-493	103	16041	56	82	-31	4
-516	123	16016	55	88	-22	4
-518	103	16024	58	92	-31	4
-494	114	16020	84	90	-37	4
-494	118	16045	54	87	-32	4
-495	106	16073	43	80	-27	4
-470	113	16052	48	84	-28	4
-501	109	16028	41	80	-31	4
-505	137	15978	42	64	-25	4
-520	119	16040	68	69	-38	4
-481	112	16041	55	87	-28	4
-503	105	16054	58	89	-36	4
-510	115	16061	53	98	-33	4
-468	110	16050	52	103	-28	4
-503	132	16017	42	96	-35	4
-489	140	16056	47	91	-29	4
-501	161	16021	46	78	-19	4
-503	142	16011	33	76	-24	4
-505	127	16018	32	72	-19	4
-514	119	15986	52	70	-18	4
-516	121	16007	72	81	-19	4
-507	137	16040	71	97	-30	4
-496	139	16059	41	109	-29	4
-482	139	16066	52	107	-35	4
-455	125	16069	58	91	-34	4
-483	101	16090	38	90	-23	4
-466	127	16041	60	65	-29	4
-501	134	16025	74	60	-31	4
-499	129	15995	57	64	-28	4
-512	136	15997	33	61	-31	4
-511	109	15986	37	83	-28	4
-493	121	16078	56	103	-24	4
-500	109	16034	63	105	-20	4
-483	105	16048	61	117	-24	4
-470	141	16056	49	112	-33	4
-490	125	16070	56	106	-33	4
-491	123	16064	53	89	-15	4
-490	125	16061	47	64	-24	4
-499	120	15986	73	58	-30	4
-477	122	16008	55	84	-32	4
-504	115	16016	44	90	-18	4
-504	127	16027	51	83	-26	4
-489	114	16019	52	102	-28	4
-510	120	16054	46	103	-33	4
-484	124	16050	60	92	-26	4
-496	119	16038	46	105	-26	4
-495	134	16027	38	90	-19	4
-501	133	16014	55	66	-23	4
-517	141	15999	69	61	-24	4
-510	128	15952	61	62	-16	4
-518	109	16010	79	73	-30	4
-500	132	16028	60	102	-22	4
-480	123	16044	44	132	-24	4
-510	108	16076	44	127	-28	4
-481	103	16067	54	127	-28	4
-478	139	16022	42	99	-25	4
-457	133	16046	57	83	-21	4
-500	129	16016	52	63	-28	4
-518	132	15992	53	54	-31	4
-499	131	15977	58	66	-21	4
-506	129	15992	41	75	-15	4
-517	126	16010	39	89	-23	4
-506	128	16012	71	102	-38	4
-493	111	16057	46	123	-30	4
-496	124	16048	35	118	-24	4
-500	125	16054	56	106	-30	4
-485	135	16061	57	94	-27	4
-473	124	16000	69	57	-24	4
-477	131	16012	77	54	-34	4
-509	122	16007	63	60	-33	4
-520	117	15991	55	78	-29	4
-522	123	16015	56	113	-23	4
-507	125	16079	62	124	-20	4
-475	108	16034	63	110	-23	4
-490	130	16055	66	106	-31	4
-480	123	16089	49	94	-16	4
-481	120	16038	41	81	-23	4
-494	128	16013	43	70	-24	4
-510	115	16055	53	59	-16	4
-520	111	16008	60	62	-20	4
-523	121	15995	55	71	-36	4
-518	110	16038	42	88	-34	4
-489	111	16010	43	103	-13	4
-482	122	16044	36	109	-4	4
-504	120	16061	24	105	-12	4
-476	97	16051	72	76	-17	4
-494	126	16030	67	76	-25	4
-489	120	16004	33	64	-4	4
-503	131	16014	47	58	-6	4
-505	122	16002	59	72	-18	4
-505	136	15999	63	78	-24	4
-502	113	16024	71	81	-30	4
-483	128	16050	46	108	-23	4
-502	129	16062	33	107	-28	4
-477	142	16044	61	104	-26	4
-505	128	16051	73	88	-19	4
-504	128	15967	66	66	-34	4
-497	132	15998	80	59	-39	4
-526	144	16009	47	65	-10	4
-519	141	16007	29	72	-14	4
-510	132	15992	41	103	-27	4
-508	121	16030	65	113	-31	4
-515	127	16029	63	105	-25	4
-497	130	16033	77	113	-34	4
-489	128	16050	44	105	-27	4
-497	120	16056	45	92	-32	4
-485	126	16031	54	73	-24	4
-486	134	16007	52	60	-33	4
-528	122	15990	61	50	-28	4
-526	137	15976	72	63	-39	4
-476	113	15995	52	89	-22	4
-491	115	16039	59	97	-17	4
-502	116	16026	50	107	-32	4
-491	108	16057	44	105	-35	4
-483	125	16027	55	90	-29	4
-491	124	16032	63	81	-33	4
-509	116	16008	43	78	-29	4
-520	109	16006	37	70	-26	4
-496	109	16014	41	71	-20	4
-497	99	16069	39	79	-22	4
-501	118	16021	71	96	-27	4
-478	116	16040	52	106	-21	4
-475	113	16051	41	115	-8	4
-471	122	16039	50	116	-18	4
-501	118	16040	48	90	-4	4
-500	114	16086	56	75	-17	4
-494	96	16017	66	70	-23	4
-496	109	16011	52	79	-33	4
-510	114	15998	43	89	-44	4
-520	136	16002	42	90	-33	4
-502	117	16009	54	96	-24	4
-494	92	16065	58	97	-23	4
-489	126	16050	54	95	-27	4
-501	133	16029	47	99	-31	4
-480	133	16038	42	84	-27	4
-478	152	16015	34	71	-24	4
-512	127	16020	33	64	-16	4
-509	137	15994	43	72	-15	4
-521	133	16019	72	76	-17	4
-500	118	16045	47	99	-15	4
-495	122	16042	51	98	-30	4
-499	121	16030	57	108	-26	4
-495	126	16049	41	114	-13	4
-501	125	16010	42	101	-21	4
-486	109	16034	80	83	-27	4
-503	106	16040	53	95	-32	4
-503	125	16050	42	96	-18	4
-516	125	15996	44	78	-16	4
-501	113	15990	44	78	-20	4
-514	120	16007	47	85	-36	4
-527	124	16046	57	106	-41	4
-495	132	16044	49	112	-32	4
-489	112	16051	49	110	-28	4
-476	101	16050	53	102	-27	4
-470	138	16059	48	101	-24	4
-472	106	16035	62	77	-27	4
-505	117	16003	67	76	-44	4
-488	110	16035	47	88	-27	4
-504	126	16021	45	91	-23	4
-498	116	16013	50	93	-22	4
-498	123	16081	47	107	-21	4
-504	132	16045	75	93	-31	4
-466	121	16052	80	98	-41	4
-482	128	16034	55	99	-36	4
-515	140	16034	40	78	-29	4
-489	106	16024	47	82	-26	4
-507	122	16073	55	87	-24	4
-491	128	16018	72	67	-20	4
-520	126	15992	62	82	-22	4
-495	128	16013	37	97	-28	4
-508	133	16037	44	107	-28	4
-508	124	16041	47	99	-26	4
-502	132	16081	50	97	-16	4
-485	119	16026	64	77	-19	4
-506	138	16014	46	82	-14	4
-506	127	16010	60	70	-20	4
-513	110	16027	59	81	-18	4
-503	122	16020	42	93	-15	4
-488	102	16036	38	84	-21	4
-503	124	16020	67	87	-31	4
-511	132	16038	46	97	-27	4
-487	118	16054	35	97	-21	4
-497	107	16049	35	106	-17	4
-501	114	16025	45	92	-21	4
-500	114	16002	38	75	-18	4
-491	123	15996	65	62	-26	4
-477	114	16030	37	78	-23	4
-515	116	16031	34	78	-27	4
-517	108	16027	40	89	-30	4
-490	105	16021	41	96	-20	4
-505	107	16007	49	105	-19	4
-498	127	16044	82	98	-34	4
-493	119	16035	49	93	-31	4
-494	128	16017	47	86	-26	4
-496	116	16052	41	80	-23	4
-497	106	16033	39	90	-26	4
-509	106	15994	63	75	-18	4
-519	108	15998	83	84	-32	4
-483	128	16017	60	84	-40	4
-504	112	16010	46	83	-36	4
-462	118	16014	54	85	-29	4
-468	126	16056	62	96	-35	4
-478	117	16032	58	87	-12	4
-500	128	16011	55	92	-25	4
-484	150	16049	42	81	-26	4
-480	138	16034	55	83	-26	4
-499	125	16044	55	89	-36	4
-473	122	16078	58	76	-31	4
-506	134	16030	58	75	-35	4
-502	153	16017	53	99	-29	4
-492	138	16017	35	104	-24	4
-493	117	15997	53	98	-32	4
-471	127	16048	53	90	-31	4
-501	96	16073	45	88	-26	4
-499	128	16039	62	74	-22	4
-511	128	16025	73	85	-20	4
-498	116	16028	57	90	-19	4
-505	124	16004	52	84	-26	4
-500	128	16039	54	92	-19	4
-511	119	16058	45	89	-23	4
-504	109	16052	59	91	-24	4
-498	123	16046	51	105	-23	4
-495	122	16038	43	104	-23	4
-518	128	16023	53	95	-25	4
-508	124	16033	66	90	-29	4
-480	112	16019	72	84	-30	4
-488	120	16037	83	79	-22	4
-492	115	16021	60	94	-9	4
-488	126	16021	37	98	-9	4
-483	122	16047	57	104	-10	4
-494	100	16025	47	103	-24	4
-512	126	16007	50	86	-30	4
-482	142	16017	71	81	-33	4
-478	131	15995	65	82	-24	4
-499	130	16019	52	78	-19	4
-495	114	16006	45	81	-29	4
-507	109	16043	61	87	-33	4
-496	102	16053	73	93	-24	4
-497	106	16059	82	101	-26	4
-457	133	16047	57	113	-32	4
-471	155	16043	40	108	-32	4
-480	161	16050	42	83	-39	4
-471	181	16043	52	56	-32	4
-509	115	15973	67	34	-10	4
-500	106	15964	89	54	-15	4
-482	87	15991	79	73	-11	4
-509	109	16003	58	100	-15	4
-502	129	16030	49	117	-28	4
-505	126	16130	44	120	-37	4
-484	111	16085	59	103	-21	4
-444	88	16090	73	107	-15	4
-455	121	16099	57	93	-14	4
-518	140	16030	65	60	-28	4
-519	144	16017	61	41	-33	4
-544	104	16043	61	60	-40	4
-500	105	15983	88	60	-29	4
-519	88	15956	92	81	-29	4
-516	76	15969	63	98	-37	4
-497	102	16017	54	117	-25	4
-477	113	16075	53	146	-16	4
-474	102	16142	57	138	-22	4
-477	116	16098	60	93	-29	4
-476	117	16055	52	74	-19	4
-519	113	15999	70	54	-14	4
-504	115	15980	58	55	-30	4
-507	108	15992	65	67	-20	4
-539	99	15983	57	74	-8	4
-507	122	15996	72	98	-33	4
-483	149	16049	47	136	-42	4
-478	137	16070	41	130	-30	4
-477	140	16077	36	133	-27	4
-464	147	16058	36	92	-26	4
-483	154	16003	46	48	-17	4
-494	153	16000	78	24	-29	4
-511	135	15984	75	45	-24	4
-512	136	15970	66	60	-18	4
-528	127	15970	56	77	-24	4
-501	146	16017	63	110	-30	4
-479	124	16036	40	124	-29	4
-479	131	16087	53	144	-19	4
-469	134	16064	60	128	-20	4
-448	130	16059	56	99	-31	4
-488	145	16047	58	53	-25	4
-505	169	15951	68	27	-36	4
-528	140	15936	79	6	-21	4
-553	134	15926	81	21	-21	4
-522	90	15960	62	75	-21	4
-523	104	16019	50	124	-12	4
-490	107	16084	45	155	-18	4
-476	109	16120	54	177	-24	4
-451	136	16103	62	133	-22	4
-456	116	16070	75	83	-32	4
-475	114	16032	58	45	-20	4
-515	88	15998	61	27	-25	4
-519	116	15947	60	21	-24	4
-535	97	15961	55	38	-32	4
-537	103	15958	69	65	-29	4
-502	94	16020	72	121	-23	4
-507	106	16048	56	157	-22	4
-461	103	16087	38	163	-28	4
-456	122	16118	30	141	-16	4
-455	115	16141	34	103	-10	4
-480	123	16038	66	42	-19	4
-493	124	15982	79	17	-23	4
-511	108	15958	73	25	-12	4
-525	130	15940	63	43	-6	4
-517	124	15959	57	94	-1	4
-536	121	16055	57	119	-8	4
-475	136	16033	76	140	-20	4
-469	134	16077	60	138	-13	4
-468	137	16079	47	119	-13	4
-459	153	16061	50	91	-13	4
-470	144	16069	59	73	-24	4
-501	130	16057	41	50	-4	4
