-1366	1127	15845	-79	69	-1	2
-1378	1160	15841	-88	74	1	2
-1389	1188	15844	-46	98	-21	2
-1379	1172	15856	38	83	-28	2
-1366	1146	15921	150	84	-42	2
-1310	1107	15962	185	92	-44	2
-1326	1081	15951	182	103	-45	2
-1326	1066	15956	123	95	-25	2
-1318	1077	15930	34	88	-26	2
-1326	1108	15862	-39	66	-7	2
-1350	1141	15873	-56	75	-18	2
-1354	1172	15850	-60	85	-14	2
-1366	1187	15871	-20	95	-17	2
-1376	1172	15887	61	95	-33	2
-1346	1154	15954	138	81	-34	2
-1320	1102	15936	206	78	-36	2
-1336	1078	15944	190	82	-35	2
-1330	1076	15983	107	83	-19	2
-1354	1084	15931	33	85	-21	2
-1340	1106	15909	-20	84	-23	2
-1350	1142	15925	-43	71	-6	2
-1367	1163	15867	-25	84	-9	2
-1369	1172	15862	18	95	-28	2
-1360	1159	15888	83	88	-23	2
-1343	1142	15909	139	89	-32	2
-1358	1113	15914	173	85	-35	2
-1302	1078	16017	149	92	-29	2
-1336	1064	15932	110	72	-25	2
-1340	1082	15921	54	64	-19	2
-1346	1100	15876	-9	69	-20	2
-1383	1150	15865	-27	77	-14	2
-1353	1169	15854	-7	88	-28	2
-1392	1161	15877	31	81	-14	2
-1349	1131	15904	104	78	-29	2
-1345	1126	15927	127	85	-42	2
-1313	1095	15916	132	77	-35	2
-1327	1077	15947	112	71	-21	2
-1361	1102	15905	47	77	-14	2
-1343	1091	15886	-13	66	-13	2
-1362	1118	15869	-18	56	-13	2
-1377	1155	15860	-20	73	-8	2
-1349	1159	15863	4	83	-24	2
-1350	1173	15905	53	84	-26	2
-1357	1143	15913	95	83	-38	2
-1344	1100	15892	130	86	-26	2
-1309	1098	15940	138	82	-44	2
-1317	1086	15939	94	79	-39	2
-1343	1097	15882	42	81	-13	2
-1360	1125	15873	-8	75	-3	2
-1370	1146	15864	-25	77	-16	2
-1360	1175	15848	-28	73	-18	2
-1355	1182	15883	20	93	-35	2
-1374	1174	15901	55	113	-34	2
-1357	1127	15923	105	100	-46	2
-1324	1087	15952	147	92	-34	2
-1345	1059	15938	151	70	-31	2
-1335	1062	15882	102	43	-9	2
-1342	1089	15861	33	56	-14	2
-1363	1135	15842	-46	78	-12	2
-1368	1162	15860	-58	105	-13	2
-1373	1172	15885	-32	115	-36	2
-1381	1192	15952	42	117	-54	2
-1356	1130	15935	159	92	-59	2
-1323	1103	15958	209	85	-46	2
-1325	1050	15944	191	65	-23	2
-1347	1056	15914	119	33	-14	2
-1334	1054	15889	23	23	-9	2
-1357	1112	15887	-67	31	22	2
-1368	1174	15783	-89	41	26	2
-1382	1213	15800	-69	84	-17	2
-1379	1222	15873	-2	106	-56	2
-1365	1189	15972	114	112	-74	2
-1342	1120	16010	215	121	-77	2
-1342	1055	16013	252	115	-58	2
-1304	1015	16018	228	76	-41	2
-1301	1005	15946	96	45	-13	2
-1329	1075	15855	-53	36	16	2
-1380	1142	15815	-185	33	26	2
-1411	1207	15763	-203	54	18	2
-1404	1238	15780	-116	86	-20	2
-1398	1217	15849	44	110	-49	2
-1371	1187	15966	199	122	-88	2
-1330	1110	16010	309	107	-80	2
-1313	1036	16042	317	87	-59	2
-1286	1003	16035	233	58	-32	2
-1310	1008	15898	71	41	12	2
-1335	1070	15862	-83	32	22	2
-1362	1156	15772	-220	50	33	2
-1419	1221	15762	-225	69	13	2
-1395	1240	15810	-117	89	-15	2
-1397	1236	15871	61	112	-36	2
-1363	1179	15925	225	110	-53	2
-1315	1107	16017	370	111	-75	2
-1316	1037	16033	336	106	-56	2
-1282	985	16015	193	87	-24	2
-1321	1012	15920	19	62	6	2
-1346	1081	15833	-142	48	39	2
-1380	1164	15753	-215	27	27	2
-1416	1233	15728	-187	59	8	2
-1422	1237	15804	-75	90	-22	2
-1393	1198	15889	93	116	-43	2
-1345	1165	15986	256	115	-73	2
-1299	1082	16065	327	98	-84	2
-1283	1017	16025	303	83	-61	2
-1299	994	15985	176	69	-38	2
-1329	1020	15893	-18	58	17	2
-1363	1085	15800	-176	45	37	2
-1397	1180	15782	-233	56	30	2
-1408	1231	15827	-183	83	2	2
-1403	1235	15810	0	85	-25	2
-1381	1213	15925	188	105	-58	2
-1369	1162	16001	323	117	-70	2
-1325	1076	16029	354	117	-81	2
-1309	1007	16016	295	110	-57	2
-1316	995	16019	117	79	-26	2
-1338	1042	15867	-44	40	10	2
-1375	1093	15815	-178	48	27	2
-1407	1182	15802	-240	58	27	2
-1415	1227	15776	-170	87	3	2
-1392	1230	15797	-13	100	-36	2
-1376	1191	15926	173	94	-55	2
-1335	1126	15974	324	95	-81	2
-1301	1051	16055	343	101	-75	2
-1307	1011	16007	260	82	-41	2
-1310	1028	15960	106	69	-15	2
-1334	1057	15895	-85	69	7	2
-1356	1117	15811	-202	64	24	2
-1377	1195	15794	-186	60	8	2
-1389	1238	15816	-125	76	-5	2
-1404	1237	15855	17	94	-21	2
-1374	1191	15908	179	95	-49	2
-1346	1123	15969	284	101	-50	2
-1313	1063	15995	313	91	-52	2
-1302	1002	15992	234	66	-50	2
-1321	1034	15933	63	74	-23	2
-1354	1079	15869	-85	63	10	2
-1367	1130	15817	-177	75	11	2
-1383	1178	15805	-158	82	-1	2
-1399	1233	15805	-61	62	-20	2
-1386	1218	15895	88	84	-43	2
-1354	1159	15940	194	109	-57	2
-1331	1091	15993	276	106	-80	2
-1307	1061	16005	242	97	-48	2
-1296	1028	15997	156	78	-29	2
-1320	1034	15899	21	45	-9	2
-1358	1087	15862	-82	54	5	2
-1379	1165	15813	-150	69	14	2
-1422	1193	15793	-129	77	-4	2
-1408	1208	15834	-37	72	-29	2
-1377	1210	15920	97	92	-34	2
-1370	1157	15933	235	86	-47	2
-1347	1081	15994	289	95	-71	2
-1310	1054	15992	241	88	-52	2
-1305	1016	15956	135	86	-29	2
-1311	1038	15905	5	73	-18	2
-1360	1091	15927	-105	61	7	2
-1374	1154	15829	-144	43	12	2
-1394	1199	15810	-93	75	-5	2
-1373	1201	15877	5	95	-36	2
-1355	1183	15884	110	96	-51	2
-1350	1143	15965	217	95	-51	2
-1325	1076	16035	248	99	-46	2
-1299	1023	16002	217	76	-42	2
-1322	1062	15959	116	68	-27	2
-1325	1082	15907	-15	74	-7	2
-1378	1101	15834	-97	81	3	2
-1373	1173	15827	-121	72	-9	2
-1388	1175	15849	-76	62	-19	2
-1370	1190	15876	34	78	-34	2
-1354	1174	15907	132	92	-43	2
-1351	1115	15957	198	92	-53	2
-1329	1084	15972	196	92	-49	2
-1315	1073	15953	154	89	-36	2
-1317	1045	15878	56	80	-30	2
-1356	1091	15867	-10	75	-16	2
-1358	1121	15844	-82	80	-16	2
-1363	1173	15841	-92	81	-4	2
-1386	1197	15856	-35	93	-8	2
-1366	1187	15872	45	79	-33	2
-1371	1179	15911	158	85	-47	2
-1360	1125	15960	223	86	-51	2
-1339	1054	15964	177	86	-41	2
-1323	1046	15960	112	87	-19	2
-1348	1085	15897	35	75	-9	2
-1347	1108	15898	-47	70	7	2
-1361	1131	15834	-72	57	14	2
-1363	1168	15838	-40	71	-3	2
-1373	1177	15861	10	82	-17	2
-1369	1166	15875	88	82	-44	2
-1357	1153	15941	173	86	-42	2
-1344	1100	15999	192	93	-41	2
-1340	1058	15947	182	70	-46	2
-1323	1081	15938	139	73	-47	2
-1332	1095	15919	44	77	-18	2
-1366	1131	15871	-32	68	1	2
-1379	1163	15852	-78	71	2	2
-1389	1165	15911	-47	76	3	2
-1367	1183	15860	21	64	-17	2
-1355	1169	15904	109	90	-41	2
-1362	1145	15905	160	99	-32	2
-1334	1114	15951	169	84	-35	2
-1341	1098	15916	143	92	-27	2
-1345	1071	15952	91	91	-18	2
-1349	1099	15892	39	77	-19	2
-1365	1115	15875	-38	82	-11	2
-1361	1142	15859	-46	87	-12	2
-1384	1174	15864	-14	94	-19	2
-1369	1158	15885	41	101	-24	2
-1394	1144	15911	96	103	-23	2
-1363	1132	15926	159	89	-38	2
-1346	1084	15939	156	90	-37	2
-1354	1062	15936	107	82	-29	2
-1362	1079	15887	45	75	-12	2
-1361	1101	15884	-12	90	-17	2
-1358	1137	15854	-28	81	-17	2
-1398	1174	15837	-11	64	-24	2
-1356	1148	15884	9	79	-21	2
-1347	1151	15902	67	70	-28	2
-1372	1143	15919	105	83	-38	2
-1361	1133	15941	141	92	-34	2
-1335	1074	15931	127	64	-25	2
-1334	1077	15938	122	63	-23	2
-1361	1072	15914	51	82	-25	2
-1357	1080	15877	-12	77	-18	2
-1378	1137	15853	-26	68	-3	2
-1386	1153	15853	-7	73	6	2
-1385	1152	15858	19	67	-11	2
-1373	1142	15884	100	56	-35	2
-1367	1133	15912	116	77	-34	2
-1337	1103	15915	134	83	-43	2
-1338	1084	15925	109	78	-26	2
-1337	1104	15950	65	78	-23	2
-1363	1143	15905	36	79	-25	2
-1346	1138	15924	24	87	-37	2
-1368	1133	15881	-13	99	-22	2
-1358	1129	15909	3	80	-19	2
-1353	1118	15881	51	59	-9	2
-1337	1096	15912	90	35	1	2
-1330	1115	15868	92	31	-4	2
-1369	1136	15866	83	53	-17	2
-1365	1142	15875	39	79	-19	2
-1362	1151	15911	39	105	-25	2
-1369	1142	15911	47	127	-20	2
-1367	1145	16021	87	111	-30	2
-1338	1144	15987	130	91	-51	2
-1343	1114	15953	122	92	-47	2
-1343	1111	15917	63	68	-12	2
-1352	1101	15904	18	66	-6	2
-1355	1124	15887	-9	78	-4	2
-1350	1121	15861	-42	64	13	2
-1378	1148	15839	-2	60	4	2
-1366	1166	15861	52	88	-17	2
-1373	1161	15894	93	92	-39	2
-1370	1129	15946	135	96	-53	2
-1342	1103	15950	158	82	-38	2
-1349	1086	15955	143	66	-25	2
-1354	1074	15914	115	51	-36	2
-1342	1070	15922	33	54	-15	2
-1347	1124	15880	-32	53	2	2
-1362	1145	15848	-56	62	2	2
-1376	1163	15856	-31	101	-7	2
-1400	1158	15838	16	99	-15	2
-1377	1168	15915	108	87	-34	2
-1362	1119	15938	161	103	-62	2
-1343	1078	15945	193	107	-51	2
-1328	1083	15952	170	81	-30	2
-1350	1054	15917	98	52	-7	2
-1346	1077	15883	13	46	1	2
-1361	1113	15841	-26	58	-5	2
-1378	1143	15840	-61	61	-11	2
-1381	1179	15856	-29	76	-20	2
-1394	1185	15891	47	93	-45	2
-1379	1175	15927	118	105	-54	2
-1347	1139	15934	173	94	-52	2
-1326	1084	15975	179	95	-50	2
-1318	1056	15958	123	88	-39	2
-1316	1053	15944	33	65	-12	2
-1360	1083	15861	-55	49	6	2
-1379	1150	15861	-100	51	4	2
-1389	1195	15798	-74	47	-16	2
-1396	1194	15828	-20	61	-27	2
-1395	1177	15864	51	106	-34	2
-1350	1161	15941	147	111	-47	2
-1344	1131	15968	211	109	-56	2
-1314	1078	16049	206	97	-37	2
-1300	1064	15986	156	75	-32	2
-1323	1071	15939	56	77	-15	2
-1354	1097	15900	-63	64	-13	2
-1367	1140	15874	-141	71	9	2
-1382	1171	15810	-118	63	17	2
-1393	1191	15879	-53	64	-19	2
-1384	1181	15853	64	75	-56	2
-1377	1161	15914	174	98	-47	2
-1347	1128	15947	225	102	-35	2
-1332	1064	15978	219	81	-39	2
-1311	1036	15955	149	87	-12	2
-1333	1049	15933	57	66	2	2
-1329	1094	15863	-31	48	1	2
-1364	1131	15834	-77	52	1	2
-1385	1171	15841	-74	52	2	2
-1380	1199	15868	-18	79	-5	2
-1383	1192	15858	74	93	-26	2
-1370	1149	15908	159	86	-40	2
-1331	1079	15919	215	94	-43	2
-1338	1048	15968	178	77	-33	2
-1330	1061	15950	104	78	-36	2
-1330	1068	15911	26	62	-6	2
-1361	1093	15870	-34	63	16	2
-1359	1148	15824	-60	56	24	2
-1370	1173	15842	-28	70	-10	2
-1376	1164	15873	5	83	-37	2
-1390	1182	15866	78	95	-39	2
-1352	1133	15920	138	110	-43	2
-1327	1095	15958	169	98	-44	2
-1338	1075	15941	160	89	-39	2
-1339	1069	15926	90	92	-35	2
-1351	1098	15895	-5	76	-16	2
-1368	1133	15841	-66	76	-7	2
-1361	1160	15871	-89	73	-11	2
-1383	1188	15866	-59	82	-16	2
-1372	1172	15856	29	77	-28	2
-1353	1167	15920	138	90	-52	2
-1360	1133	15955	169	87	-50	2
-1345	1092	15968	174	84	-47	2
-1333	1085	15954	134	83	-38	2
-1345	1087	15956	55	80	-23	2
-1347	1100	15874	-3	70	-3	2
-1348	1124	15870	-63	83	-6	2
-1359	1167	15875	-80	82	-10	2
-1368	1163	15853	-36	68	-6	2
-1390	1159	15873	52	88	-19	2
-1383	1150	15939	125	79	-39	2
-1343	1122	15897	195	55	-41	2
-1340	1075	15950	198	66	-39	2
-1350	1076	15942	140	70	-28	2
-1327	1068	15940	58	76	-9	2
-1345	1088	15907	5	54	-4	2
-1341	1102	15922	-37	52	-6	2
-1368	1147	15835	-24	53	-10	2
-1388	1159	15897	-1	73	-19	2
-1396	1132	15895	60	64	-20	2
-1341	1144	15916	124	85	-36	2
-1374	1119	15933	148	95	-34	2
-1340	1095	15931	141	86	-16	2
-1350	1100	15885	129	66	-29	2
-1362	1104	15926	58	67	-9	2
-1353	1112	15897	1	74	-7	2
-1358	1143	15868	-27	81	-6	2
-1372	1155	15855	-27	80	-10	2
-1383	1165	15869	26	76	-12	2
-1358	1153	15901	110	77	-37	2
-1368	1133	15912	144	98	-40	2
-1345	1113	15958	123	96	-44	2
-1339	1092	15931	88	88	-25	2
-1334	1092	15935	74	92	-19	2
-1374	1105	15862	21	73	-7	2
-1357	1133	15876	8	74	-9	2
-1390	1145	15851	-28	85	-7	2
-1362	1169	15862	6	87	-14	2
-1363	1161	15885	46	97	-24	2
-1357	1136	15917	91	98	-22	2
-1357	1130	15885	123	87	-29	2
-1327	1106	15952	137	87	-37	2
-1344	1088	15945	90	79	-25	2
-1349	1089	15934	35	75	-12	2
-1373	1102	15908	-3	67	1	2
-1375	1151	15903	-35	66	-15	2
-1359	1140	15882	-20	48	-17	2
-1357	1173	15855	18	70	-26	2
-1381	1151	15876	60	91	-18	2
-1365	1133	15898	109	83	-17	2
-1357	1134	15901	131	82	-32	2
-1351	1092	15984	130	89	-39	2
-1365	1094	15922	115	67	-22	2
-1335	1082	15925	72	67	-24	2
-1363	1093	15901	12	72	-22	2
-1373	1131	15895	-9	76	-17	2
-1392	1139	15911	-5	72	-17	2
-1380	1152	15925	15	63	-28	2
-1359	1146	15879	68	55	-41	2
-1356	1133	15911	100	80	-45	2
-1347	1112	15910	112	87	-38	2
-1364	1112	15920	104	84	-33	2
-1345	1093	15933	71	84	-21	2
-1350	1085	15920	43	63	-6	2
-1340	1116	15903	46	57	-27	2
-1368	1140	15891	19	75	-38	2
-1375	1146	15889	15	91	-22	2
-1364	1166	15894	36	82	-18	2
-1360	1139	15946	63	83	-21	2
-1347	1133	15909	85	65	-29	2
-1366	1118	15900	87	61	-28	2
-1353	1105	15907	78	79	-10	2
-1345	1128	15887	51	81	-16	2
-1367	1123	15896	40	74	-24	2
-1352	1134	15879	21	75	-20	2
-1375	1130	15879	3	61	-3	2
-1363	1146	15910	64	76	-16	2
-1366	1147	15878	62	81	-27	2
-1361	1135	15923	73	82	-17	2
-1358	1129	15909	95	84	-26	2
-1343	1113	15932	97	84	-24	2
-1344	1096	15900	79	70	-18	2
-1353	1093	15915	73	80	-28	2
-1360	1104	15896	25	79	-18	2
-1358	1111	15885	15	77	-2	2
-1366	1121	15878	32	79	2	2
-1388	1137	15899	46	75	-8	2
-1349	1119	15895	73	70	-16	2
-1350	1143	15931	94	74	-39	2
-1351	1132	15931	98	90	-25	2
-1358	1132	15923	98	99	-27	2
-1348	1113	15944	90	89	-25	2
-1355	1080	15987	70	90	-14	2
-1346	1095	15885	59	66	-28	2
-1380	1087	15860	38	61	-12	2
-1363	1123	15892	12	60	5	2
-1373	1143	15839	9	65	-3	2
-1376	1149	15859	23	74	-10	2
-1377	1162	15927	35	96	-31	2
-1360	1152	15897	92	92	-43	2
-1344	1130	15941	107	103	-47	2
-1354	1110	15950	105	120	-38	2
-1336	1092	15946	110	106	-20	2
-1329	1090	15920	69	86	-10	2
-1350	1102	15907	20	64	-1	2
-1374	1125	15858	-6	47	-2	2
-1365	1154	15866	-24	61	-9	2
-1375	1180	15857	-24	82	-24	2
-1358	1196	15907	13	93	-32	2
-1364	1156	15924	70	112	-39	2
-1360	1137	15914	146	122	-48	2
-1318	1103	15977	202	84	-57	2
-1320	1064	15950	143	76	-39	2
-1342	1071	15921	60	57	-14	2
-1342	1085	15879	3	41	-1	2
-1352	1125	15815	-37	51	-3	2
-1391	1151	15796	-59	62	0	2
-1398	1190	15823	-12	82	-22	2
-1367	1194	15874	46	87	-30	2
-1364	1173	15910	120	91	-32	2
-1347	1133	15996	167	110	-47	2
-1343	1078	16009	184	100	-43	2
-1321	1050	15977	166	74	-29	2
-1343	1069	15936	87	60	-13	2
-1349	1085	15896	-18	61	3	2
-1355	1103	15858	-87	48	17	2
-1400	1183	15815	-98	56	11	2
-1394	1198	15819	-61	57	-16	2
-1425	1181	15823	39	75	-29	2
-1369	1148	15904	148	87	-61	2
-1335	1108	15975	201	112	-57	2
-1336	1073	15971	217	109	-51	2
-1343	1054	15961	160	86	-39	2
-1336	1054	15984	81	68	-20	2
-1353	1095	15864	-24	52	-6	2
-1378	1154	15857	-90	62	-5	2
-1387	1175	15847	-129	78	5	2
-1399	1212	15851	-53	84	-11	2
-1375	1201	15884	33	96	-29	2
-1390	1185	15964	128	107	-33	2
-1358	1142	15914	220	97	-49	2
-1340	1088	15995	212	104	-53	2
-1326	1053	15973	138	98	-16	2
-1335	1049	15933	46	87	-3	2
-1359	1090	15877	-57	65	0	2
-1371	1156	15886	-100	60	7	2
-1384	1185	15813	-72	48	-7	2
-1398	1194	15838	-33	80	-22	2
-1410	1189	15879	46	96	-30	2
-1379	1165	15932	132	110	-44	2
-1358	1109	15961	207	91	-47	2
-1332	1077	16009	212	87	-52	2
-1334	1056	15970	173	75	-42	2
-1311	1068	15940	60	74	-15	2
-1357	1091	15874	-35	63	2	2
-1362	1134	15856	-88	60	9	2
-1389	1163	15836	-74	69	15	2
-1379	1174	15825	-17	74	-1	2
-1380	1174	15890	100	74	-39	2
-1365	1138	15938	176	97	-48	2
-1336	1085	15967	226	97	-46	2
-1330	1069	15992	217	88	-38	2
-1341	1062	15949	131	71	-17	2
-1338	1060	15933	39	61	-11	2
-1341	1081	15881	-12	53	-7	2
-1372	1122	15838	-66	56	7	2
-1372	1161	15851	-74	61	-2	2
-1383	1195	15879	-18	66	-8	2
-1382	1173	15891	75	85	-26	2
-1371	1139	15898	152	79	-47	2
-1353	1099	15941	205	85	-56	2
-1352	1080	15963	173	94	-56	2
-1331	1077	15951	95	93	-35	2
-1334	1082	15928	0	87	-23	2
-1371	1106	15917	-64	74	-10	2
-1364	1171	15842	-96	64	-2	2
-1388	1183	15857	-61	84	-28	2
-1403	1193	15837	-6	94	-39	2
-1373	1186	15900	67	91	-38	2
-1356	1150	15934	136	96	-35	2
-1357	1116	15963	166	83	-31	2
-1340	1096	15929	150	78	-31	2
-1339	1077	15905	88	96	-33	2
-1363	1086	15895	-4	86	-18	2
-1356	1109	15851	-49	71	-5	2
-1373	1153	15854	-69	66	-10	2
-1381	1166	15945	-40	78	-24	2
-1377	1189	15876	40	84	-20	2
-1372	1149	15913	105	96	-43	2
-1362	1115	15925	158	93	-44	2
-1347	1078	15959	159	82	-37	2
-1322	1063	15973	137	71	-21	2
-1325	1051	15956	71	76	-1	2
-1358	1088	15893	38	57	0	2
-1364	1125	15882	-6	58	0	2
-1381	1148	15870	-35	54	10	2
-1375	1162	15864	-11	75	-10	2
-1372	1154	15882	63	84	-37	2
-1385	1150	15892	124	75	-39	2
-1349	1115	15952	182	57	-43	2
-1343	1081	15957	165	68	-35	2
-1350	1064	15951	108	75	-33	2
-1351	1088	15924	47	70	-24	2
-1337	1105	15904	3	71	-13	2
-1375	1129	15832	-56	60	2	2
-1389	1146	15853	-28	61	-22	2
-1364	1168	15851	6	75	-40	2
-1363	1166	15892	57	75	-33	2
-1353	1143	15917	115	83	-28	2
-1355	1119	15946	145	90	-38	2
-1345	1095	15909	131	87	-34	2
-1331	1087	15964	113	93	-33	2
-1349	1112	15931	20	86	-14	2
-1356	1115	15891	-25	91	6	2
-1354	1141	15874	-39	88	-2	2
-1358	1172	15888	-33	92	1	2
-1365	1186	15854	15	82	-5	2
-1353	1179	15901	80	89	-39	2
-1347	1142	15903	97	99	-16	2
-1347	1129	15936	121	102	-15	2
-1345	1100	15932	112	96	-25	2
-1388	1092	15952	72	93	-26	2
-1358	1091	15910	21	70	-13	2
-1358	1138	15894	-8	78	-12	2
-1368	1143	15888	-35	76	1	2
-1369	1165	15881	4	82	-11	2
-1392	1167	15864	53	82	-17	2
-1365	1146	15981	84	79	-31	2
-1364	1123	15921	126	62	-47	2
-1352	1089	15930	135	75	-40	2
-1346	1081	15945	118	75	-11	2
-1364	1101	15919	74	65	-18	2
-1353	1110	15892	21	55	-10	2
-1368	1123	15908	-4	67	-10	2
-1387	1137	15863	27	46	-20	2
-1359	1134	15865	41	58	-18	2
-1337	1138	15900	85	82	-17	2
-1364	1124	15927	120	75	-24	2
-1370	1094	15909	113	70	-30	2
-1379	1096	15947	111	85	-32	2
-1340	1093	15924	113	77	-35	2
-1355	1109	15894	46	93	-19	2
-1370	1115	15892	-4	77	-10	2
-1376	1140	15888	-10	79	2	2
-1375	1133	15874	6	83	-14	2
-1389	1144	15835	21	78	-19	2
-1363	1120	15877	79	77	-37	2
-1360	1134	15889	98	93	-37	2
-1321	1120	15938	94	96	-44	2
-1341	1119	15948	92	83	-49	2
-1341	1108	15940	63	88	-37	2
-1367	1104	15898	28	79	-27	2
-1365	1144	15931	11	87	-38	2
-1365	1150	15891	-14	87	-28	2
-1376	1142	15889	2	92	-25	2
-1376	1154	15892	45	97	-27	2
-1380	1132	15910	78	103	-45	2
-1340	1130	15922	99	76	-37	2
-1335	1093	15938	99	72	-37	2
-1350	1093	15922	72	70	-27	2
-1355	1120	15898	59	78	-22	2
-1363	1106	15895	31	78	-12	2
-1349	1121	15922	7	65	-15	2
-1353	1121	15889	22	61	-41	2
-1358	1141	15884	53	63	-47	2
-1356	1107	15884	59	79	-28	2
-1358	1131	15894	78	84	-25	2
-1349	1125	15899	106	67	-24	2
-1346	1109	15980	105	72	-34	2
-1339	1114	15932	79	75	-39	2
-1341	1105	15966	51	86	-36	2
-1345	1114	15916	31	94	-9	2
-1358	1110	15909	41	78	-15	2
-1361	1097	15879	49	66	-14	2
-1371	1104	15900	53	59	-5	2
-1360	1117	15864	73	40	-18	2
-1376	1135	15884	69	63	-23	2
-1370	1144	15881	67	95	-33	2
-1338	1130	15909	66	120	-31	2
-1343	1113	15958	79	104	-35	2
-1349	1120	15992	76	95	-31	2
-1362	1097	15926	84	83	-40	2
-1324	1107	15936	75	87	-34	2
-1356	1104	15883	31	86	-23	2
-1368	1133	15863	-3	79	-15	2
-1353	1154	15867	-30	93	-22	2
-1346	1136	15864	-21	88	-20	2
-1376	1169	15886	30	94	-33	2
-1370	1158	15924	77	113	-39	2
-1353	1130	15936	102	104	-37	2
-1364	1107	15933	148	107	-40	2
-1359	1105	15954	127	84	-24	2
-1336	1078	15919	76	71	-16	2
-1342	1100	15912	31	64	-14	2
-1365	1117	15875	-30	62	-13	2
-1373	1140	15878	-59	74	0	2
-1401	1169	15835	-45	78	-18	2
-1373	1174	15885	10	86	-29	2
-1370	1176	15905	78	97	-43	2
-1360	1117	15928	143	86	-53	2
-1359	1087	15968	144	90	-44	2
-1323	1080	15950	150	84	-30	2
-1321	1081	15934	93	67	-23	2
-1361	1080	15917	20	47	-10	2
-1380	1115	15859	-28	37	10	2
-1374	1144	15852	-30	56	-2	2
-1388	1171	15867	-20	66	-3	2
-1379	1167	15859	41	75	-21	2
-1381	1148	15895	115	90	-38	2
-1358	1136	15997	163	96	-46	2
-1340	1102	15960	194	76	-51	2
-1349	1063	15945	163	79	-41	2
-1335	1049	15962	82	68	-27	2
-1356	1074	15894	-11	59	-9	2
-1362	1109	15867	-48	55	-2	2
-1367	1156	15896	-57	57	-10	2
-1392	1165	15839	-22	61	-13	2
-1375	1197	15883	54	98	-36	2
-1382	1151	15932	106	105	-24	2
-1349	1125	15946	149	102	-32	2
-1363	1096	15959	157	91	-48	2
-1336	1061	16021	121	83	-32	2
-1328	1075	15928	55	73	-17	2
-1360	1103	15897	-10	74	-8	2
-1360	1137	15892	-65	79	10	2
-1384	1194	15841	-61	97	6	2
-1367	1191	15858	-28	97	-9	2
-1369	1190	15878	54	99	-26	2
-1363	1167	15934	156	95	-39	2
-1360	1115	15959	187	99	-43	2
-1331	1089	15978	154	95	-39	2
-1321	1067	15947	110	83	-26	2
-1361	1087	15920	36	77	-7	2
-1351	1104	15851	-30	63	17	2
-1356	1121	15857	-52	67	17	2
-1383	1164	15840	-46	92	-5	2
-1376	1174	15867	11	86	-18	2
-1377	1159	15888	78	79	-22	2
-1360	1128	15918	141	89	-15	2
-1337	1106	15963	186	85	-19	2
-1344	1087	15949	195	84	-39	2
-1322	1078	15943	123	85	-21	2
-1339	1077	15919	38	83	7	2
-1349	1095	15908	-34	70	1	2
-1373	1135	15849	-56	66	1	2
-1387	1142	15822	-39	46	-8	2
-1376	1133	15886	14	65	-27	2
-1377	1148	15911	83	85	-44	2
-1348	1136	15935	149	88	-52	2
-1339	1103	15961	153	86	-47	2
-1361	1081	15950	122	84	-31	2
-1340	1063	15897	75	79	-32	2
-1357	1078	15912	19	83	-24	2
-1357	1106	15869	-39	78	-9	2
-1375	1142	15847	-37	73	-9	2
-1376	1169	15856	-14	76	-21	2
-1389	1190	15926	22	95	-34	2
-1357	1172	15905	84	87	-32	2
-1345	1126	15936	122	91	-58	2
-1335	1116	15950	122	94	-47	2
-1342	1095	15944	94	85	-30	2
-1356	1115	15898	36	90	-10	2
-1383	1120	15921	-12	78	1	2
-1365	1132	15881	-26	66	3	2
-1377	1167	15881	-27	92	-11	2
-1383	1161	15876	1	92	-7	2
-1360	1159	15894	63	86	-23	2
-1361	1149	15926	108	92	-40	2
-1369	1110	15960	122	104	-36	2
-1344	1091	15978	141	85	-34	2
-1358	1078	15949	91	72	-26	2
-1337	1082	15919	46	74	-25	2
-1369	1099	15905	-14	73	-10	2
-1374	1132	15865	-33	61	1	2
-1366	1147	15874	-16	58	-7	2
-1368	1150	15913	46	62	-34	2
-1363	1137	15907	77	68	-26	2
-1386	1138	15920	129	77	-31	2
-1345	1104	15923	150	67	-35	2
-1375	1095	15935	147	78	-38	2
-1362	1065	15928	95	68	-31	2
-1351	1102	15871	60	57	-6	2
-1350	1107	15884	14	67	-16	2
-1359	1132	15867	-20	68	2	2
-1400	1153	15868	-13	67	-9	2
-1383	1152	15879	38	84	-15	2
-1394	1132	15855	76	86	-18	2
-1356	1132	15923	135	72	-42	2
-1351	1121	15952	118	71	-37	2
-1354	1090	15933	99	77	-28	2
-1369	1119	15915	67	93	-30	2
-1380	1102	15887	22	98	-31	2
-1345	1115	15882	4	79	-22	2
-1379	1136	15868	29	84	-26	2
-1368	1165	15874	13	95	-20	2
-1377	1164	15912	36	92	-27	2
-1363	1151	15911	65	89	-31	2
-1344	1128	15945	93	93	-26	2
-1343	1108	15903	106	77	-40	2
-1369	1095	15898	80	88	-37	2
-1335	1090	15920	14	81	-16	2
-1352	1110	15890	2	73	-24	2
-1369	1139	15887	3	84	-33	2
-1374	1168	15933	-5	93	-10	2
-1370	1161	15875	35	79	-19	2
-1377	1145	15893	64	83	-39	2
-1372	1142	15921	82	82	-20	2
-1357	1106	15938	80	70	-16	2
-1354	1114	15923	81	75	-30	2
-1343	1090	15968	75	63	-14	2
-1367	1106	15898	59	65	-24	2
-1356	1126	15884	33	67	-27	2
-1352	1126	15883	26	64	-14	2
-1357	1132	15907	38	71	-26	2
-1377	1143	15886	54	72	-34	2
-1371	1142	15900	75	65	-36	2
-1342	1108	15916	133	61	-39	2
-1349	1093	15935	111	77	-16	2
-1354	1113	15919	83	66	-9	2
-1349	1084	15924	69	72	-18	2
-1338	1097	15927	37	67	-20	2
-1380	1104	15869	35	64	-12	2
-1353	1117	15900	28	62	-23	2
-1376	1125	15911	33	74	-15	2
-1359	1129	15891	58	83	-16	2
-1376	1133	15898	67	84	-20	2
-1365	1106	15905	92	79	-24	2
-1354	1111	15897	87	69	-26	2
-1363	1114	15910	96	87	-49	2
-1358	1101	15917	53	93	-27	2
-1376	1115	15893	21	88	-30	2
-1360	1129	15918	20	94	-30	2
-1358	1145	15894	28	91	-11	2
-1379	1139	15887	32	81	-7	2
-1371	1145	15885	53	88	-48	2
-1356	1125	15941	62	95	-35	2
-1345	1118	15925	62	101	-25	2
-1362	1128	15889	57	97	-28	2
-1346	1115	15956	58	85	-23	2
-1354	1123	15897	63	84	-13	2
-1376	1125	15902	56	90	-30	2
-1352	1136	15890	25	90	-35	2
-1349	1130	15926	19	89	-28	2
-1357	1125	15887	43	94	-17	2
-1381	1132	15966	68	97	-25	2
-1363	1123	15915	100	77	-36	2
-1364	1114	15934	98	88	-41	2
-1359	1088	15929	70	81	-22	2
-1353	1102	15912	39	63	-17	2
-1346	1108	15914	25	70	-16	2
-1373	1120	15946	36	66	-14	2
-1384	1114	15894	38	66	1	2
-1342	1114	15911	54	77	-15	2
-1350	1131	15901	58	66	-19	2
-1371	1115	15891	75	69	-22	2
-1369	1102	15899	77	77	-18	2
-1384	1084	15917	53	74	-13	2
-1352	1115	15905	83	68	-29	2
-1342	1139	15911	53	77	-39	2
-1376	1123	15931	33	78	-28	2
-1364	1120	15904	32	81	-28	2
-1361	1131	15891	38	60	-34	2
-1371	1129	15893	39	65	-18	2
-1377	1115	15919	77	64	-19	2
-1362	1135	15905	69	70	-17	2
-1363	1141	15893	57	77	-21	2
-1361	1124	15917	41	92	-43	2
-1370	1136	15893	25	93	-41	2
-1387	1129	15880	33	88	-48	2
-1361	1156	15896	72	87	-54	2
-1353	1116	15932	55	86	-30	2
-1350	1120	15914	55	85	-24	2
-1353	1129	15900	55	86	-32	2
-1348	1129	15913	66	84	-35	2
-1364	1124	15906	49	75	-33	2
-1369	1110	15922	56	85	-32	2
-1364	1121	15881	40	73	-14	2
-1366	1135	15890	26	71	-21	2
-1374	1136	15890	32	65	-18	2
-1348	1150	15928	43	74	-17	2
-1381	1135	15910	78	72	-28	2
-1342	1108	15954	128	79	-48	2
-1340	1099	15936	112	75	-25	2
-1341	1109	15926	98	76	-24	2
-1338	1098	15931	68	70	-23	2
-1367	1128	15901	36	62	-12	2
-1354	1098	15889	40	42	-5	2
-1361	1125	15898	30	55	-18	2
-1375	1143	15883	24	71	-10	2
-1377	1138	15890	51	67	-1	2
-1379	1140	15887	76	73	-10	2
-1369	1120	15969	91	82	-23	2
-1362	1106	15913	109	62	-34	2
-1348	1105	15943	94	79	-33	2
-1389	1090	15936	61	73	-26	2
-1367	1102	15934	59	62	-26	2
-1376	1107	15900	35	80	-31	2
-1390	1139	15938	15	75	-12	2
-1389	1127	15875	47	73	-24	2
-1372	1159	15909	59	87	-43	2
-1355	1132	15935	75	94	-35	2
-1358	1114	15944	67	110	-15	2
-1371	1110	15940	68	95	-15	2
-1373	1101	15946	58	86	-19	2
-1350	1100	15896	59	98	-29	2
-1350	1130	15928	24	89	-24	2
-1374	1130	15906	9	71	-23	2
-1374	1149	15904	14	80	-19	2
-1368	1159	15914	24	99	-29	2
-1353	1127	15886	58	82	-20	2
-1354	1128	15924	107	89	-33	2
-1357	1118	15927	94	97	-37	2
-1359	1103	15907	71	91	-35	2
-1356	1099	15915	58	76	-19	2
-1384	1110	15890	38	76	-21	2
-1351	1110	15854	24	54	-14	2
-1344	1136	15886	18	64	-19	2
-1366	1136	15883	9	83	-22	2
-1363	1145	15915	34	76	-28	2
-1351	1123	15902	91	74	-21	2
-1381	1129	15937	96	85	-16	2
-1363	1114	15926	107	72	-11	2
-1362	1082	15931	115	76	-29	2
-1338	1097	15937	65	82	-23	2
-1377	1096	15944	35	80	-9	2
-1338	1117	15891	18	69	-12	2
-1347	1136	15906	7	69	-16	2
-1367	1133	15885	31	69	-17	2
-1377	1147	15901	63	71	-30	2
-1377	1137	15890	69	74	-22	2
-1345	1121	15897	84	80	-12	2
-1369	1115	15918	93	75	-17	2
-1378	1119	15973	81	70	-33	2
-1357	1101	15924	77	72	-31	2
-1363	1111	15918	45	90	-36	2
-1364	1107	15906	12	81	-25	2
-1371	1121	15895	12	81	-9	2
-1381	1147	15904	19	82	-14	2
-1354	1140	15946	54	85	-30	2
-1368	1145	15917	93	84	-38	2
-1371	1114	15923	93	77	-39	2
-1353	1121	15948	70	73	-24	2
-1348	1113	15904	58	75	-17	2
-1362	1106	15897	42	90	-16	2
-1381	1122	15900	22	90	-23	2
-1362	1143	15849	32	89	-20	2
-1370	1139	15869	41	99	-13	2
-1353	1157	15902	49	91	-28	2
-1367	1142	15930	68	89	-32	2
-1381	1125	15913	96	85	-28	2
-1380	1118	15915	85	78	-23	2
-1354	1112	15904	91	79	-33	2
-1346	1103	15928	73	85	-18	2
-1340	1106	15901	26	89	-20	2
-1378	1137	15903	23	85	-19	2
-1384	1113	15851	17	85	-19	2
-1351	1147	15884	37	71	-15	2
-1375	1142	15905	70	64	-29	2
-1360	1137	15920	70	76	-26	2
-1371	1122	15913	98	82	-38	2
-1381	1113	15921	112	78	-21	2
-1365	1107	15957	103	66	-19	2
-1372	1090	15902	74	62	-17	2
-1369	1111	15898	68	58	-24	2
-1362	1120	15886	21	76	-26	2
-1367	1129	15894	25	86	-27	2
-1382	1132	15873	26	86	-25	2
-1386	1128	15921	41	74	-16	2
-1388	1129	15867	81	71	-12	2
-1369	1130	15893	111	81	-33	2
-1369	1116	15905	69	83	-19	2
-1376	1089	15900	64	83	-19	2
-1366	1105	15934	66	89	-27	2
-1383	1145	15913	45	98	-14	2
-1390	1126	15887	36	82	-7	2
-1376	1140	15891	40	91	-27	2
-1377	1163	15919	34	95	-27	2
-1363	1140	15907	41	89	-32	2
-1337	1127	15896	50	89	-39	2
-1374	1143	15946	61	101	-24	2
-1346	1111	15902	77	86	-26	2
-1346	1108	15925	81	90	-38	2
-1358	1129	15918	46	93	-34	2
-1341	1146	15892	21	80	-34	2
-1370	1126	15904	18	81	-23	2
-1371	1127	15933	35	88	-9	2
-1348	1140	15911	67	75	-26	2
-1378	1136	15930	82	88	-42	2
-1369	1137	15916	80	96	-31	2
-1349	1113	15906	89	85	-26	2
-1338	1104	15930	83	79	-27	2
-1341	1113	15939	64	82	-21	2
-1370	1106	15916	70	83	-22	2
-1375	1113	15900	47	82	-18	2
-1379	1132	15893	42	71	-4	2
-1376	1118	15901	38	82	-11	2
-1366	1133	15882	56	80	-10	2
-1379	1105	15910	70	72	-16	2
-1360	1121	15914	106	64	-27	2
-1343	1116	15927	97	83	-17	2
-1357	1115	15903	73	80	-14	2
-1351	1108	15907	54	79	-10	2
-1351	1105	15927	37	68	-12	2
-1376	1109	15871	30	79	-14	2
-1368	1113	15888	60	94	-18	2
-1361	1112	15900	42	90	-13	2
-1388	1131	15896	38	80	-17	2
-1369	1118	15893	50	85	-2	2
-1372	1125	15895	51	77	-3	2
-1368	1113	15863	80	64	-15	2
-1351	1126	15910	101	81	-28	2
-1378	1119	15911	69	88	-26	2
-1351	1114	15925	47	83	-21	2
-1358	1123	15914	34	72	-28	2
-1369	1119	15943	36	93	-17	2
-1351	1143	15883	47	93	-15	2
-1346	1132	15910	60	87	-22	2
-1354	1139	15907	60	89	-23	2
-1344	1133	15927	45	88	-27	2
-1337	1125	15926	49	83	-28	2
-1345	1126	16022	61	85	-25	2
-1354	1131	15916	55	76	-30	2
-1338	1108	15949	61	85	-23	2
-1357	1116	15900	43	83	-6	2
-1363	1114	15889	55	75	-30	2
-1368	1126	15914	65	82	-37	2
-1387	1140	15940	57	92	-24	2
-1369	1145	15875	80	81	-34	2
-1349	1113	15911	77	73	-28	2
-1361	1115	15897	65	91	-23	2
-1350	1102	15915	42	103	-23	2
-1368	1110	15917	45	94	-25	2
-1363	1124	15939	64	85	-32	2
-1379	1102	15893	68	84	-23	2
-1369	1114	15921	44	82	-20	2
-1360	1118	15908	64	73	-26	2
-1377	1105	15904	78	76	-18	2
-1376	1130	15924	74	76	-24	2
-1367	1113	15899	75	61	-24	2
-1358	1120	15915	77	63	-29	2
-1359	1112	15911	78	91	-27	2
-1379	1118	15907	61	82	-20	2
-1371	1097	15883	53	79	-8	2
-1352	1115	15928	37	74	-3	2
-1366	1124	15862	20	68	-25	2
-1378	1123	15890	58	65	-35	2
-1355	1152	15927	47	93	-38	2
-1344	1120	15942	59	96	-36	2
-1355	1108	15935	55	101	-28	2
-1352	1100	15956	50	87	-26	2
-1369	1129	15880	57	63	-17	2
-1357	1130	15882	59	77	-33	2
-1379	1149	15898	19	77	-16	2
-1372	1149	15883	6	86	-7	2
-1355	1140	15871	41	84	-18	2
-1394	1146	15909	49	96	-20	2
-1399	1132	15878	67	90	-24	2
-1397	1137	15929	91	116	-28	2
-1346	1104	15929	90	121	-29	2
-1352	1131	15937	84	100	-28	2
-1347	1113	15939	53	75	-17	2
-1372	1120	15937	15	74	-21	2
-1371	1131	15899	16	63	-12	2
-1383	1152	15872	35	75	-30	2
-1374	1152	15871	40	85	-33	2
-1363	1138	15890	62	93	-16	2
-1376	1132	15907	76	82	-14	2
-1388	1130	15951	101	79	-19	2
-1370	1102	15898	129	72	-25	2
-1366	1094	15923	110	92	-31	2
-1365	1100	15915	80	77	-21	2
-1375	1118	15914	47	68	-10	2
-1365	1113	15875	28	84	-4	2
-1353	1127	15915	11	73	-11	2
-1370	1126	15893	36	76	-13	2
-1376	1152	15890	78	82	-28	2
-1356	1130	15918	93	89	-28	2
-1358	1110	15929	112	83	-19	2
-1386	1084	15940	109	65	-14	2
-1376	1085	15900	79	66	-15	2
-1373	1109	15907	78	64	-22	2
-1376	1115	15897	27	61	-12	2
-1370	1120	15854	8	77	-9	2
-1366	1129	15892	28	77	-21	2
-1393	1140	15902	53	86	-18	2
-1374	1142	15900	77	77	-21	2
-1346	1129	15937	117	65	-47	2
-1352	1127	15955	103	93	-33	2
-1346	1097	15942	85	92	-29	2
-1352	1117	15922	60	81	-20	2
-1382	1116	15903	25	78	-13	2
-1385	1126	15855	-6	71	-6	2
-1372	1153	15884	8	64	-22	2
-1386	1137	15877	-5	78	-22	2
-1362	1138	15896	17	90	-5	2
-1366	1147	15903	64	77	-17	2
-1365	1134	15908	86	73	-38	2
-1347	1126	15906	112	85	-39	2
-1332	1106	15935	118	93	-37	2
-1343	1097	15932	64	98	-16	2
-1369	1109	15899	35	75	-9	2
-1352	1129	15884	8	86	-13	2
-1366	1150	15914	-6	93	-17	2
-1375	1131	15889	12	70	-34	2
-1374	1127	15903	49	73	-28	2
-1371	1126	15903	79	76	-34	2
-1388	1123	15909	100	78	-27	2
-1359	1119	15929	108	64	-11	2
-1371	1104	15968	93	72	-10	2
-1347	1108	15900	74	53	-12	2
-1366	1122	15905	38	65	-25	2
-1364	1113	15909	27	66	-17	2
-1379	1148	15896	32	72	-13	2
-1378	1128	15916	37	74	-7	2
-1390	1149	15966	66	84	-22	2
-1368	1152	15899	105	69	-41	2
-1369	1103	15929	117	87	-42	2
-1355	1085	15935	103	71	-27	2
-1354	1104	15937	66	75	-12	2
-1366	1119	15916	34	79	-13	2
-1368	1118	15934	23	65	-13	2
-1362	1117	15894	23	55	-24	2
-1371	1140	15904	10	70	-27	2
-1363	1144	15909	34	71	-18	2
-1363	1141	15914	76	88	-24	2
-1356	1127	15919	91	93	-18	2
-1378	1125	15908	93	77	-21	2
-1350	1114	15923	106	85	-45	2
-1354	1102	15948	42	103	-39	2
-1367	1118	15920	9	111	-12	2
-1357	1125	15906	-13	89	-18	2
-1360	1137	15904	-14	76	-7	2
-1364	1130	15886	11	68	-15	2
-1381	1173	15900	55	67	-24	2
-1387	1135	15899	65	84	-34	2
-1343	1121	15924	79	83	-31	2
-1345	1116	15931	86	84	-32	2
-1375	1101	15915	78	87	-24	2
-1351	1104	15914	69	65	-14	2
-1367	1101	15904	69	74	-30	2
-1361	1122	15887	35	79	-18	2
-1383	1143	15873	37	73	-29	2
-1364	1127	15908	33	83	-19	2
-1386	1125	15932	58	72	-17	2
-1361	1113	15902	92	64	-23	2
-1376	1118	15913	116	73	-31	2
-1372	1093	15904	93	72	-20	2
-1358	1097	15911	80	65	-17	2
-1371	1088	15904	62	65	-11	2
-1370	1112	15933	25	69	-17	2
-1389	1115	15884	43	60	-21	2
-1403	1121	15906	52	60	-27	2
-1374	1110	15919	45	72	-20	2
-1361	1128	15908	69	67	-31	2
-1359	1121	15931	78	66	-26	2
-1384	1135	15974	85	73	-21	2
-1363	1107	15916	100	58	-30	2
-1350	1126	15911	72	62	-19	2
-1364	1113	15942	22	72	-16	2
-1362	1109	15921	9	82	-8	2
-1379	1135	15889	9	82	-4	2
-1350	1126	15942	30	84	-13	2
-1372	1147	15910	60	71	-23	2
-1360	1115	15919	47	87	-38	2
-1353	1133	15924	60	93	-37	2
-1361	1127	15910	68	95	-41	2
-1352	1115	15912	65	97	-43	2
-1358	1114	15944	48	85	-36	2
-1348	1113	15903	32	74	-33	2
-1356	1127	15890	13	92	-27	2
-1369	1135	15871	18	98	-27	2
-1394	1152	15889	34	92	-13	2
-1374	1153	15912	55	88	-17	2
-1361	1122	15897	81	89	-16	2
-1357	1106	15915	113	83	-37	2
-1344	1116	15903	94	95	-28	2
-1361	1114	15951	67	80	-24	2
-1370	1122	15929	63	71	-12	2
-1395	1113	15903	53	77	-10	2
-1360	1105	15866	42	76	-20	2
-1353	1118	15910	56	76	-31	2
-1395	1140	15907	47	80	-39	2
-1387	1131	15893	67	83	-22	2
-1365	1119	15892	65	84	-9	2
-1368	1112	15912	78	77	-20	2
-1369	1124	15910	77	67	-8	2
-1373	1122	15916	73	61	-32	2
-1376	1107	15883	47	76	-19	2
-1373	1104	15916	47	69	-25	2
-1367	1103	15908	50	67	-11	2
-1383	1116	15942	49	72	-12	2
-1385	1141	15880	74	68	-19	2
-1372	1126	15921	80	77	-19	2
-1383	1117	15918	64	92	-27	2
-1364	1124	15936	44	96	-15	2
-1358	1119	15920	50	89	-20	2
-1364	1124	15970	44	81	-19	2
-1369	1105	15887	40	71	-22	2
-1379	1111	15896	31	92	-21	2
-1369	1133	15900	16	96	-15	2
-1375	1141	15892	17	94	-17	2
-1371	1139	15870	35	97	-11	2
-1360	1123	15970	58	88	-20	2
-1363	1154	15893	78	86	-30	2
-1384	1117	15913	71	84	-28	2
-1368	1106	15911	59	84	-26	2
-1385	1123	15915	49	93	-13	2
-1363	1129	15914	26	88	-10	2
-1369	1138	15928	40	83	-10	2
-1362	1123	15916	51	78	-14	2
-1367	1155	15924	26	79	-17	2
-1340	1127	15930	45	81	-21	2
-1354	1131	15896	42	86	-26	2
-1369	1122	15910	62	81	-21	2
-1361	1117	15927	68	71	-26	2
-1398	1110	15890	81	68	-25	2
-1376	1094	15897	65	83	-19	2
-1365	1111	15914	36	78	-8	2
-1368	1124	15906	58	72	2	2
-1357	1108	15930	54	73	-7	2
-1377	1108	15870	58	82	-24	2
-1379	1109	15900	93	69	-37	2
-1371	1105	15899	75	88	-25	2
-1385	1094	15887	76	78	-22	2
-1362	1124	15915	58	73	-13	2
-1385	1119	15900	65	71	-25	2
-1371	1124	15899	63	75	-41	2
-1349	1125	15934	67	97	-43	2
-1362	1120	15922	43	101	-19	2
-1354	1112	15940	55	93	-18	2
-1364	1112	15916	60	84	-25	2
-1381	1097	15922	51	70	-23	2
-1364	1107	15865	62	65	-11	2
-1368	1135	15879	49	66	-9	2
-1390	1154	15872	9	83	-14	2
-1375	1156	15915	15	102	-28	2
-1385	1154	15929	36	99	-20	2
-1399	1161	15966	55	106	-23	2
-1365	1141	15940	99	95	-41	2
-1377	1122	15948	110	106	-50	2
-1345	1100	15950	86	104	-31	2
-1361	1115	15906	53	97	-16	2
-1363	1131	15890	21	90	-14	2
-1360	1149	15944	-14	78	7	2
-1376	1149	15854	-18	60	-9	2
-1397	1164	15860	5	93	-18	2
-1388	1152	15875	29	108	-15	2
-1353	1130	15888	93	94	-22	2
-1363	1125	15969	124	89	-30	2
-1373	1109	16007	133	80	-17	2
-1358	1096	15929	133	76	-19	2
-1365	1091	15920	96	84	-17	2
-1383	1107	15911	29	82	-8	2
-1375	1126	15889	-11	73	-15	2
-1388	1136	15870	-12	73	-6	2
-1369	1139	15907	7	70	-3	2
-1388	1152	15894	63	60	-25	2
-1384	1134	15916	108	85	-24	2
-1374	1091	15920	142	80	-25	2
-1359	1083	15938	142	74	-10	2
-1364	1086	15925	110	60	-14	2
-1368	1086	15871	56	41	-5	2
-1363	1104	15871	41	54	-20	2
-1372	1143	15850	-1	72	-7	2
-1405	1128	15876	9	64	-18	2
-1382	1145	15922	29	79	-23	2
-1372	1141	15935	65	82	-17	2
-1368	1119	15934	111	85	-18	2
-1364	1104	15942	144	94	-39	2
-1357	1094	15932	98	98	-38	2
-1369	1088	15917	47	102	-12	2
-1359	1120	15889	9	98	-3	2
-1356	1130	15856	-38	90	-2	2
-1381	1145	15841	-35	84	-14	2
-1388	1154	15860	-8	83	-28	2
-1410	1176	15863	17	94	-31	2
-1398	1163	15909	80	87	-30	2
-1371	1153	15942	115	102	-47	2
-1362	1129	15972	127	91	-42	2
-1357	1100	15958	125	75	-37	2
-1361	1094	15928	79	97	-36	2
-1351	1123	15898	-18	95	-16	2
-1369	1154	15882	-51	84	-6	2
-1365	1173	15865	-54	86	-6	2
-1378	1173	15905	-28	86	-22	2
-1376	1152	15873	43	70	-23	2
-1343	1134	15922	106	82	-38	2
-1368	1113	15936	146	84	-40	2
-1344	1084	15937	149	72	-40	2
-1354	1073	15950	134	64	-31	2
-1351	1066	16004	82	70	-19	2
-1373	1092	15890	40	57	-9	2
-1379	1107	15899	0	65	3	2
-1395	1145	15898	-4	68	15	2
-1390	1146	15865	17	66	5	2
-1366	1154	15921	65	74	-14	2
-1357	1130	15965	105	76	-14	2
-1372	1112	15955	147	62	-26	2
-1359	1097	15935	146	76	-27	2
-1352	1092	15918	86	70	-20	2
-1365	1108	15920	41	70	1	2
-1372	1101	15888	7	67	-10	2
-1367	1120	15879	1	60	-6	2
-1376	1146	15885	31	65	-22	2
-1366	1148	15914	34	91	-29	2
-1366	1130	15929	68	86	-25	2
-1381	1122	15908	111	89	-32	2
-1345	1096	15938	126	90	-28	2
-1357	1093	15910	94	84	-25	2
-1352	1097	15942	74	87	-35	2
-1361	1108	15893	11	87	-18	2
-1357	1115	15900	-11	89	-24	2
-1380	1153	15887	-39	101	-26	2
-1400	1161	15880	-2	106	-16	2
-1389	1158	15885	29	98	-15	2
-1367	1155	15906	90	94	-43	2
-1368	1120	15938	91	104	-33	2
-1348	1097	15958	99	100	-34	2
-1362	1104	15942	97	97	-39	2
-1359	1089	15957	60	96	-31	2
-1358	1110	15887	24	82	-7	2
-1354	1135	15908	4	72	-23	2
-1376	1136	15855	-13	78	-2	2
-1370	1158	15902	9	83	-4	2
-1373	1155	15862	57	86	-28	2
-1359	1123	15971	86	81	-42	2
-1361	1111	15892	130	68	-24	2
-1367	1098	15933	127	72	-26	2
-1374	1086	15918	99	66	-35	2
-1377	1087	15918	77	76	-25	2
-1368	1096	15926	48	76	-15	2
-1364	1110	15941	21	67	14	2
-1384	1128	15884	37	63	5	2
-1368	1143	15877	60	65	-23	2
-1369	1107	15931	82	59	-27	2
-1357	1123	15919	107	73	-22	2
-1359	1125	15945	103	64	-14	2
-1353	1070	15980	109	65	-17	2
-1349	1102	15931	94	60	-22	2
-1366	1102	15877	48	70	-4	2
-1364	1132	15927	10	58	-11	2
-1376	1132	15886	17	71	-13	2
-1395	1137	15871	36	89	-9	2
-1384	1137	15900	50	84	-12	2
-1365	1151	15926	94	70	-37	2
-1360	1134	15926	97	82	-43	2
-1357	1110	15910	75	93	-30	2
-1363	1123	15903	59	88	-33	2
-1378	1117	15913	37	90	-31	2
-1360	1130	15874	25	74	-26	2
-1370	1124	15912	9	73	-44	2
-1386	1140	15897	-3	77	-38	2
-1385	1158	15887	14	92	-19	2
-1378	1165	15908	31	105	-19	2
-1386	1145	15889	67	95	-28	2
-1367	1122	15912	81	89	-18	2
-1358	1123	15914	95	80	-37	2
-1360	1111	15928	71	90	-31	2
-1386	1126	15889	65	90	-22	2
-1392	1136	15906	19	87	-19	2
-1392	1151	15904	22	94	-22	2
-1398	1127	15885	35	80	-17	2
-1399	1129	15902	70	80	-31	2
-1377	1140	15898	66	85	-15	2
-1354	1122	15938	79	85	-14	2
-1381	1124	15906	76	82	-14	2
-1379	1110	15950	78	73	-20	2
-1387	1103	15887	81	53	-18	2
-1372	1114	15948	83	51	-17	2
-1385	1103	15914	56	75	-14	2
-1369	1115	15903	52	70	-8	2
-1375	1108	15898	41	69	-22	2
-1373	1107	15989	59	76	-22	2
-1353	1112	15897	97	70	-14	2
-1368	1105	15907	100	89	-19	2
-1366	1102	15898	93	84	-28	2
-1386	1115	15906	72	72	-16	2
-1381	1115	15905	50	80	1	2
-1372	1112	15958	33	94	-7	2
-1369	1111	15903	43	68	-18	2
-1371	1132	15928	37	93	-10	2
-1358	1132	15912	34	98	-6	2
-1351	1135	15926	52	92	-25	2
-1365	1132	15916	70	102	-33	2
-1370	1121	15942	71	93	-31	2
-1355	1108	15916	85	95	-36	2
-1364	1141	15932	54	99	-25	2
-1382	1142	15887	31	101	1	2
-1356	1128	15920	16	111	-6	2
-1384	1126	15895	9	98	-18	2
-1373	1152	15876	15	87	-12	2
-1371	1154	15887	58	88	-27	2
-1373	1135	15893	54	84	-18	2
-1354	1124	15928	64	87	-22	2
-1366	1134	15921	62	99	-19	2
-1381	1122	15934	62	89	-24	2
-1384	1111	15882	64	70	-16	2
-1363	1100	15900	77	68	-20	2
-1355	1103	15919	52	73	-5	2
-1376	1116	15897	36	70	-5	2
-1378	1077	15892	43	67	-13	2
-1379	1089	15928	62	70	-8	2
-1381	1115	15865	87	71	-2	2
-1376	1121	15906	111	81	-23	2
-1377	1148	15943	80	88	-28	2
-1395	1130	15926	67	98	-39	2
-1369	1145	15937	66	96	-35	2
-1371	1098	15961	60	99	-33	2
-1345	1089	15936	71	76	-1	2
-1363	1080	15908	102	54	-9	2
-1381	1101	15901	65	45	-2	2
-1366	1104	15861	34	54	-2	2
-1375	1121	15849	30	56	-10	2
-1379	1150	15894	19	56	-8	2
-1374	1156	15864	45	60	-23	2
-1386	1167	15914	75	98	-49	2
-1376	1146	15974	90	116	-59	2
-1359	1114	15988	116	111	-65	2
-1340	1096	15976	123	102	-42	2
-1371	1068	16029	102	92	-19	2
-1346	1082	15913	35	62	0	2
-1371	1119	15883	-40	47	4	2
-1355	1174	15835	-78	59	5	2
-1390	1203	15837	-72	79	-8	2
-1395	1202	15876	-46	103	-37	2
-1413	1216	15929	47	123	-58	2
-1388	1172	15972	172	114	-79	2
-1351	1109	16003	221	120	-73	2
-1341	1059	16022	196	100	-49	2
-1341	1053	15981	134	73	-21	2
-1339	1043	15932	52	74	7	2
-1365	1071	15878	-68	53	31	2
-1400	1149	15804	-118	50	8	2
-1396	1189	15794	-121	69	11	2
-1417	1216	15851	-61	81	-3	2
-1408	1200	15904	77	98	-48	2
-1388	1160	15972	212	113	-64	2
-1346	1096	16001	279	107	-49	2
-1322	1029	16034	279	81	-39	2
-1330	1000	15999	178	54	-10	2
-1345	1034	15915	29	46	5	2
-1371	1078	15838	-99	42	32	2
-1396	1128	15797	-156	46	33	2
-1421	1179	15791	-137	57	23	2
-1447	1195	15830	-24	64	-17	2
-1419	1212	15905	101	91	-41	2
-1388	1151	15967	235	113	-52	2
-1347	1076	16019	307	131	-73	2
-1331	1041	16041	273	107	-53	2
-1327	1015	15961	158	67	-10	2
-1350	1044	15928	-3	47	-2	2
-1390	1102	15820	-155	64	27	2
-1389	1169	15816	-219	72	17	2
-1435	1242	15792	-176	83	15	2
-1438	1244	15849	-45	114	-10	2
-1428	1228	15885	130	101	-46	2
-1374	1180	15970	268	119	-95	2
-1328	1112	16037	309	131	-87	2
-1320	1052	16039	261	123	-62	2
-1332	1015	16000	125	101	-28	2
-1350	1036	15963	-52	80	9	2
-1363	1118	15835	-181	56	22	2
-1409	1177	15785	-229	66	12	2
-1426	1240	15786	-189	86	10	2
-1427	1253	15832	-49	114	-27	2
-1377	1214	15908	128	132	-60	2
-1359	1141	16042	280	123	-60	2
-1319	1063	16026	343	97	-53	2
-1312	1010	16049	282	87	-50	2
-1321	991	16018	143	66	-12	2
-1356	1039	15899	-20	53	11	2
-1370	1098	15846	-153	52	32	2
-1391	1153	15832	-202	49	29	2
-1422	1210	15793	-114	55	1	2
-1416	1216	15865	32	78	-23	2
-1383	1181	15922	168	82	-46	2
-1369	1098	15964	290	90	-57	2
-1335	1041	16040	312	96	-65	2
-1331	1015	16001	252	75	-45	2
-1322	1005	15959	126	49	-29	2
-1374	1039	15879	-49	46	6	2
-1399	1118	15810	-162	44	26	2
-1402	1182	15812	-174	52	25	2
-1412	1207	15814	-75	83	-1	2
-1415	1214	15823	46	82	-30	2
-1370	1186	15920	180	87	-57	2
-1352	1123	15988	254	106	-65	2
-1346	1052	16019	278	102	-64	2
-1312	999	16021	202	94	-45	2
-1326	1034	15947	45	82	-25	2
-1338	1086	15877	-114	63	11	2
-1378	1158	15819	-168	61	9	2
-1397	1206	15789	-171	87	-1	2
-1415	1247	15816	-104	110	-20	2
-1408	1221	15893	21	120	-46	2
-1404	1194	15943	173	134	-67	2
-1340	1119	15980	248	113	-61	2
-1321	1070	16008	251	112	-70	2
-1337	1044	15974	159	110	-39	2
-1339	1063	15949	27	99	-12	2
-1360	1093	15863	-108	90	-6	2
-1387	1184	15864	-169	89	17	2
-1404	1215	15798	-132	71	-5	2
-1417	1236	15828	-37	89	-36	2
-1390	1210	15892	92	112	-30	2
-1378	1156	15938	200	107	-45	2
-1351	1107	15963	253	82	-51	2
-1350	1031	16031	230	81	-35	2
-1338	1035	15966	153	69	-25	2
-1324	1043	15929	45	73	-28	2
-1378	1088	15889	-78	64	16	2
-1392	1146	15831	-124	58	33	2
-1434	1162	15800	-90	66	12	2
-1425	1184	15882	7	77	-14	2
-1400	1170	15886	147	75	-41	2
-1410	1120	15945	227	95	-39	2
-1350	1061	15986	245	82	-40	2
-1347	1038	15994	212	60	-36	2
-1341	1029	15944	129	61	-26	2
-1389	1061	15896	-7	49	-4	2
-1384	1110	15844	-71	49	10	2
-1393	1153	15825	-108	65	6	2
-1405	1195	15842	-71	73	-11	2
-1414	1176	15867	21	86	-29	2
-1407	1185	15910	122	93	-44	2
-1362	1129	15929	194	96	-43	2
-1349	1089	16000	220	89	-42	2
-1317	1061	15979	144	98	-35	2
-1361	1077	15960	36	88	-16	2
-1343	1094	15907	-32	89	-15	2
-1380	1131	15833	-103	90	-2	2
-1385	1163	15827	-122	87	8	2
-1402	1223	15851	-54	93	-21	2
-1404	1197	15876	24	104	-32	2
-1387	1189	15931	122	109	-41	2
-1375	1143	15948	164	111	-53	2
-1326	1092	15989	182	116	-40	2
-1326	1062	15961	148	99	-23	2
-1337	1060	15940	65	93	-24	2
-1378	1108	15859	-25	79	-11	2
-1380	1138	15871	-80	67	-2	2
-1405	1172	15835	-77	72	-11	2
-1387	1176	15891	-20	72	-13	2
-1405	1163	15887	81	76	-29	2
-1387	1166	15923	181	85	-58	2
-1373	1112	15931	197	82	-41	2
-1343	1065	15956	180	82	-33	2
-1350	1044	15967	132	76	-28	2
-1361	1059	15989	46	71	-3	2
-1373	1093	15879	9	56	13	2
-1386	1117	15873	-34	53	-2	2
-1392	1156	15866	-44	71	0	2
-1386	1147	15900	19	75	-8	2
-1400	1158	15903	91	69	-30	2
-1396	1132	15978	160	82	-31	2
-1371	1089	15935	192	69	-24	2
-1350	1071	15950	174	76	-29	2
-1345	1074	15945	90	85	-22	2
-1378	1087	15908	17	77	-10	2
-1359	1097	15916	-34	79	4	2
-1385	1145	15894	-54	68	10	2
-1388	1172	15847	-21	72	-5	2
-1389	1161	15900	17	80	-18	2
-1377	1148	15922	66	89	-29	2
-1371	1149	15941	112	97	-33	2
-1368	1129	15932	128	109	-24	2
-1373	1085	15933	100	99	-29	2
-1363	1100	15933	64	85	-36	2
-1367	1116	15938	-2	94	-24	2
-1381	1144	15902	-50	99	-21	2
-1400	1174	15853	-69	114	-14	2
-1377	1162	15859	-42	97	-20	2
-1386	1167	15857	34	85	-14	2
-1390	1170	15895	111	96	-38	2
-1357	1122	15921	128	107	-39	2
-1361	1104	15947	126	103	-34	2
-1353	1105	15945	99	96	-31	2
-1357	1101	15917	63	91	-29	2
-1372	1130	15887	24	73	-21	2
-1381	1120	15878	16	73	-19	2
-1370	1139	15878	-1	87	1	2
-1396	1159	15892	12	84	-18	2
-1389	1149	15928	57	83	-14	2
-1375	1127	15929	109	81	-14	2
-1340	1101	15921	140	59	-28	2
-1361	1091	15961	155	61	-31	2
-1358	1073	15925	112	70	-25	2
-1366	1077	15909	54	59	-14	2
-1397	1080	15860	29	55	5	2
-1382	1117	15908	12	64	13	2
-1384	1116	15854	26	50	-14	2
-1393	1146	15893	62	71	-34	2
-1389	1151	15901	63	89	-28	2
-1373	1149	15952	105	99	-25	2
-1387	1124	15950	111	96	-39	2
-1382	1098	16009	111	81	-35	2
-1384	1084	15899	108	56	-10	2
-1357	1070	15905	71	62	-14	2
-1391	1104	15874	31	60	-9	2
-1370	1129	15852	-20	59	0	2
-1412	1167	15867	-39	70	0	2
-1432	1182	15879	-18	75	-4	2
-1383	1195	15889	61	90	-34	2
-1368	1184	15930	108	138	-62	2
-1359	1160	16006	128	166	-62	2
-1365	1103	16012	135	135	-58	2
-1369	1097	15974	123	105	-27	2
-1339	1082	15942	43	76	-9	2
-1367	1091	15863	-20	45	-8	2
-1373	1128	15799	-89	55	4	2
-1388	1161	15762	-108	57	4	2
-1398	1189	15780	-63	85	2	2
-1398	1206	15839	3	84	-27	2
-1412	1194	15885	102	99	-49	2
-1376	1144	15967	208	121	-61	2
-1363	1108	16029	233	130	-67	2
-1340	1056	16028	214	127	-64	2
-1344	1041	16011	141	94	-35	2
-1348	1049	15984	29	77	-7	2
-1368	1079	15845	-63	41	11	2
-1406	1118	15806	-81	27	6	2
-1430	1173	15803	-87	37	-2	2
-1433	1203	15799	-24	54	-4	2
-1405	1181	15845	87	73	-8	2
-1402	1145	15926	195	81	-31	2
-1364	1076	15954	266	74	-50	2
-1354	1032	16004	287	66	-59	2
-1348	1001	15977	185	64	-35	2
-1341	1011	15966	78	47	-23	2
-1361	1078	15878	-34	43	4	2
-1422	1123	15872	-111	53	-3	2
-1412	1173	15815	-121	49	2	2
-1418	1196	15853	-49	66	-13	2
-1414	1208	15857	57	92	-41	2
-1370	1176	15924	158	115	-55	2
-1374	1127	16019	211	131	-59	2
-1359	1074	16068	196	103	-51	2
-1351	1058	15951	131	84	-26	2
-1353	1068	15933	16	87	-12	2
-1365	1116	15834	-98	78	8	2
-1400	1170	15775	-149	80	-1	2
-1410	1203	15824	-128	88	-1	2
-1439	1237	15884	-63	106	-28	2
-1398	1208	15891	78	117	-53	2
-1371	1171	15993	195	137	-71	2
-1333	1125	16037	244	138	-78	2
-1342	1067	16026	202	126	-60	2
-1321	1048	15985	122	105	-41	2
-1337	1069	15966	-16	96	-19	2
-1350	1111	15866	-108	60	17	2
-1407	1173	15790	-155	60	35	2
-1413	1219	15767	-136	67	19	2
-1443	1230	15775	-54	82	-11	2
-1403	1200	15864	94	90	-27	2
-1378	1146	15957	233	103	-43	2
-1372	1077	15986	327	96	-69	2
-1352	1050	16045	306	95	-56	2
-1342	998	16023	204	72	-26	2
-1343	1021	15980	63	58	10	2
-1385	1048	15923	-67	59	27	2
-1404	1127	15813	-126	53	22	2
-1429	1163	15818	-102	47	9	2
-1434	1193	15803	-56	62	-5	2
-1414	1193	15870	78	74	-27	2
-1391	1130	15915	210	80	-45	2
-1373	1087	15938	273	90	-50	2
-1347	1043	15985	262	69	-31	2
-1343	1043	15977	206	54	-43	2
-1368	1048	15911	76	65	-9	2
-1383	1090	15903	-44	63	23	2
-1402	1137	15857	-118	55	18	2
-1390	1188	15872	-103	73	-2	2
-1413	1189	15868	-20	85	-35	2
-1401	1188	15904	86	99	-55	2
-1377	1147	15920	147	116	-57	2
-1358	1110	15975	184	119	-63	2
-1358	1075	15967	158	103	-51	2
-1361	1082	15986	67	105	-24	2
-1366	1074	15900	-30	87	-11	2
-1392	1130	15848	-77	99	-19	2
-1398	1183	15827	-107	101	-5	2
-1397	1194	15872	-78	104	-15	2
-1432	1214	15883	13	112	-31	2
-1400	1198	15984	107	116	-46	2
-1372	1150	15948	188	116	-39	2
-1352	1107	15978	204	123	-59	2
-1331	1063	16000	151	110	-45	2
-1335	1072	15968	57	102	-28	2
-1363	1084	15909	-35	80	-16	2
-1397	1119	15878	-107	76	4	2
-1404	1146	15828	-71	62	-8	2
-1417	1188	15821	-29	77	-20	2
-1384	1179	15868	53	82	-28	2
-1380	1150	15900	172	89	-25	2
-1386	1108	15950	244	88	-31	2
-1379	1059	15981	235	57	-34	2
-1343	1028	15994	216	44	-33	2
-1347	1042	15974	113	60	-29	2
-1369	1064	15925	27	53	-18	2
-1419	1118	15867	-46	30	-10	2
-1428	1141	15849	-63	49	9	2
-1410	1184	15832	-23	56	5	2
-1397	1157	15871	75	63	-34	2
-1372	1138	15940	146	61	-35	2
-1382	1110	15934	186	59	-42	2
-1376	1073	15957	180	71	-43	2
-1367	1049	15947	145	68	-24	2
-1387	1064	15900	68	55	2	2
-1378	1093	15892	15	63	-18	2
-1401	1138	15868	-59	81	-12	2
-1377	1167	15864	-69	91	-10	2
-1401	1196	15888	-29	101	-22	2
-1405	1182	15922	23	115	-26	2
-1366	1141	15917	94	108	-38	2
-1347	1132	15964	144	115	-45	2
-1333	1107	15961	109	120	-48	2
-1345	1112	15932	67	110	-30	2
-1352	1095	15922	5	106	-19	2
-1360	1141	15908	-48	97	-15	2
-1369	1158	15841	-44	90	-21	2
-1389	1175	15860	-21	91	-22	2
-1375	1180	15888	21	102	-19	2
-1394	1171	15912	79	109	-29	2
-1362	1143	15928	119	103	-29	2
-1352	1124	16027	133	94	-34	2
-1371	1106	15955	119	91	-12	2
-1365	1104	15919	88	91	-19	2
-1362	1122	15905	14	93	0	2
-1379	1133	15893	-27	89	11	2
-1406	1139	15865	-37	75	5	2
-1420	1184	15881	-9	86	9	2
-1401	1151	15858	71	76	-11	2
-1374	1128	15915	132	73	-45	2
-1366	1119	15940	168	77	-39	2
-1363	1080	15954	168	75	-28	2
-1375	1076	15958	145	59	-24	2
-1393	1074	15989	89	56	-28	2
-1377	1081	15914	53	52	-20	2
-1397	1085	15888	4	61	-9	2
-1403	1102	15857	-21	69	-15	2
-1408	1137	15878	1	61	-16	2
-1390	1136	15892	41	57	-29	2
-1390	1114	15896	90	73	-15	2
-1401	1111	15913	142	83	-38	2
-1389	1096	15921	131	93	-44	2
-1374	1088	15916	99	97	-34	2
-1370	1088	15917	64	80	-31	2
-1374	1108	15914	11	83	-27	2
-1392	1125	15858	-12	83	-22	2
-1376	1154	15908	5	83	-16	2
-1372	1150	15886	0	88	-17	2
-1381	1159	15907	30	90	-36	2
-1379	1156	15916	54	112	-47	2
-1343	1136	15946	74	109	-45	2
-1368	1126	15904	75	96	-43	2
-1361	1109	15920	65	104	-32	2
-1381	1128	15916	15	100	-15	2
-1382	1143	15874	-5	96	-7	2
-1378	1156	15883	-12	99	-7	2
-1385	1160	15880	9	104	-20	2
-1383	1166	15904	37	97	-25	2
-1364	1159	15921	95	92	-33	2
-1375	1140	15919	99	94	-26	2
-1375	1117	15946	94	92	-26	2
-1384	1106	15933	80	89	-15	2
-1383	1093	15948	55	91	-14	2
-1373	1092	15902	37	69	-4	2
-1403	1123	15891	21	57	-10	2
-1389	1126	15846	16	71	-10	2
-1381	1092	15858	34	72	-14	2
-1410	1131	15844	75	71	-16	2
-1396	1136	15961	100	73	-8	2
-1383	1127	15927	137	64	-7	2
-1389	1137	15941	127	73	-38	2
-1368	1118	15975	101	83	-44	2
-1394	1098	15981	83	98	-32	2
-1373	1077	15972	76	89	-22	2
-1383	1064	15970	56	58	-14	2
-1392	1069	15891	66	24	-2	2
-1380	1077	15834	35	39	3	2
-1386	1114	15835	13	47	3	2
-1380	1144	15776	-19	62	-5	2
-1416	1187	15827	7	88	-31	2
-1432	1208	15894	49	117	-36	2
-1375	1165	15961	126	146	-91	2
-1356	1107	16012	152	151	-80	2
-1356	1089	16026	166	140	-63	2
-1361	1084	16002	122	103	-28	2
-1344	1061	15956	54	84	-20	2
-1373	1085	15847	-45	71	11	2
-1380	1129	15814	-113	51	9	2
-1389	1175	15779	-141	72	6	2
-1404	1229	15781	-100	98	1	2
-1401	1235	15860	-15	131	-32	2
-1390	1232	15926	111	144	-66	2
-1382	1163	15982	221	137	-74	2
-1328	1089	16039	275	133	-58	2
-1305	1012	16040	235	120	-65	2
-1331	999	16009	127	76	-22	2
-1337	1042	15914	-13	44	22	2
-1382	1113	15854	-146	43	30	2
-1403	1171	15760	-183	40	23	2
-1421	1228	15778	-139	83	-1	2
-1428	1226	15820	-13	121	-32	2
-1410	1188	15927	150	119	-58	2
-1395	1124	15994	280	104	-63	2
-1323	1047	16064	353	102	-53	2
-1328	1012	16001	309	58	-32	2
-1340	981	15972	177	31	-11	2
-1343	1016	15900	-16	17	30	2
-1392	1091	15811	-139	17	46	2
-1420	1177	15762	-165	33	26	2
-1445	1226	15812	-110	47	1	2
-1455	1222	15864	35	70	-18	2
-1421	1191	15912	198	90	-43	2
-1362	1124	16004	290	92	-62	2
-1346	1042	16062	319	97	-74	2
-1330	996	16009	235	92	-43	2
-1334	991	15989	81	68	-18	2
-1359	1054	15844	-79	38	12	2
-1395	1140	15768	-212	43	28	2
-1425	1204	15768	-242	56	26	2
-1458	1264	15803	-151	79	1	2
-1431	1274	15852	-2	119	-44	2
-1372	1205	15963	193	140	-70	2
-1381	1133	16035	342	146	-96	2
-1336	1063	16073	342	143	-89	2
-1311	1029	16046	219	125	-54	2
-1312	1015	15980	42	93	-15	2
-1354	1078	15843	-147	68	19	2
-1402	1148	15780	-272	76	27	2
-1429	1222	15739	-258	75	18	2
-1428	1262	15781	-164	92	2	2
-1457	1256	15814	9	107	-47	2
-1385	1216	15908	198	117	-73	2
-1334	1141	16002	329	119	-71	2
-1324	1047	16034	362	115	-50	2
-1313	984	16040	287	82	-41	2
-1343	1005	15985	98	69	-23	2
-1369	1051	15902	-84	58	25	2
-1410	1117	15796	-196	45	43	2
-1446	1192	15789	-208	63	36	2
-1457	1230	15795	-117	73	15	2
-1442	1215	15845	48	78	-33	2
-1406	1168	15924	206	89	-45	2
-1346	1098	15978	323	92	-59	2
-1354	1028	16009	326	87	-63	2
-1349	984	16000	235	74	-23	2
-1367	997	15916	108	48	12	2
-1387	1058	15871	-25	32	17	2
-1403	1144	15845	-155	41	5	2
-1428	1195	15809	-135	48	3	2
-1440	1222	15847	-63	76	-7	2
-1446	1203	15894	88	87	-33	2
-1385	1128	15949	241	91	-72	2
-1350	1080	16008	289	101	-73	2
-1336	1043	16014	215	95	-54	2
-1346	1019	15956	96	82	-24	2
-1348	1060	15917	-42	75	5	2
-1376	1111	15905	-162	75	-3	2
-1407	1163	15792	-184	77	-6	2
-1434	1210	15803	-150	103	-9	2
-1421	1251	15837	-31	116	-35	2
-1415	1226	15924	119	121	-62	2
-1366	1162	15998	226	118	-72	2
-1349	1093	16065	266	110	-74	2
-1346	1054	16004	231	93	-62	2
-1333	1046	15970	84	103	-30	2
-1343	1077	15908	-74	89	-16	2
-1385	1122	15826	-180	88	-5	2
-1403	1196	15783	-205	94	13	2
-1420	1252	15795	-160	89	18	2
-1418	1240	15818	-13	77	-18	2
-1401	1189	15909	136	101	-49	2
-1381	1145	15962	235	109	-58	2
-1358	1080	16013	283	103	-60	2
-1346	1013	16006	238	90	-51	2
-1347	1026	15988	133	58	-19	2
-1372	1041	15927	24	56	3	2
-1387	1095	15869	-97	56	25	2
-1409	1153	15834	-140	51	25	2
-1429	1178	15829	-82	72	13	2
-1447	1175	15861	34	95	-7	2
-1423	1144	15875	154	79	-29	2
-1385	1119	15952	259	68	-55	2
-1358	1070	15967	259	61	-41	2
-1384	1031	15953	196	57	-18	2
-1364	1025	15930	86	74	-1	2
-1380	1071	15899	-5	72	13	2
-1392	1108	15870	-62	59	15	2
-1423	1161	15891	-50	69	4	2
-1417	1181	15854	-26	77	-17	2
-1417	1178	15905	50	89	-31	2
-1398	1143	15972	137	94	-43	2
-1360	1114	15995	196	125	-38	2
-1359	1076	15976	184	95	-41	2
-1356	1077	15951	114	94	-33	2
-1385	1093	15895	-4	91	-13	2
-1386	1123	15848	-75	82	-11	2
-1399	1159	15841	-116	90	-6	2
-1411	1219	15887	-104	103	-8	2
-1390	1209	15849	-2	94	-22	2
-1405	1184	15905	124	101	-45	2
-1373	1168	15945	173	124	-44	2
-1387	1119	15973	193	116	-42	2
-1365	1075	15992	151	116	-46	2
-1376	1086	15997	66	106	-12	2
-1361	1094	15908	-16	75	-1	2
-1388	1134	15858	-79	82	3	2
-1400	1159	15869	-102	73	7	2
-1430	1172	15849	-58	81	12	2
-1397	1189	15858	24	86	-7	2
-1421	1182	15928	118	86	-27	2
-1384	1112	15910	202	72	-40	2
-1369	1098	15973	215	76	-41	2
-1358	1059	15965	173	71	-22	2
-1357	1073	15949	109	60	-19	2
-1386	1080	15921	22	56	-4	2
-1411	1101	15890	-41	50	-4	2
-1401	1121	15883	-25	56	-17	2
-1385	1141	15892	-16	66	-6	2
-1397	1168	15897	50	64	-32	2
-1402	1137	15914	120	75	-35	2
-1375	1111	15932	166	71	-35	2
-1382	1079	15910	155	48	-29	2
-1366	1076	15918	154	47	-34	2
-1366	1068	15914	86	62	-21	2
-1384	1098	15907	13	63	0	2
-1396	1121	15869	-18	74	-15	2
-1412	1160	15877	-18	83	-15	2
-1402	1157	15853	-6	84	-17	2
-1396	1152	15911	74	92	-43	2
-1356	1138	15945	93	104	-42	2
-1373	1109	15938	110	105	-42	2
-1375	1105	15921	99	108	-30	2
-1383	1113	15893	49	101	-25	2
-1369	1113	15891	11	72	-27	2
-1377	1152	15875	-15	74	-31	2
-1378	1155	15883	-48	96	-31	2
-1394	1179	15873	-22	105	-36	2
-1379	1179	15892	32	104	-30	2
-1387	1155	15940	84	107	-43	2
-1377	1138	15939	125	94	-43	2
-1365	1123	15968	127	95	-53	2
-1369	1102	15940	85	97	-35	2
-1393	1102	15924	30	95	-11	2
-1367	1104	15896	-3	94	-9	2
-1370	1102	15933	-32	90	6	2
-1384	1147	15857	-14	78	0	2
-1418	1160	15858	2	80	-20	2
-1391	1149	15871	57	91	-20	2
-1393	1140	15893	102	90	-19	2
-1380	1125	15920	139	75	-34	2
-1405	1090	15993	156	68	-34	2
-1380	1091	15939	146	73	-27	2
-1384	1093	15922	93	70	-25	2
-1387	1088	15925	29	57	-14	2
-1398	1099	15898	4	51	1	2
-1392	1135	15880	1	41	7	2
-1391	1117	15875	26	61	3	2
-1390	1135	15864	61	40	-9	2
-1393	1142	15880	76	56	-30	2
-1386	1137	15909	83	74	-38	2
-1383	1127	15940	107	81	-46	2
-1397	1126	15941	104	91	-48	2
-1375	1097	15920	97	90	-29	2
-1357	1107	15937	75	76	-29	2
-1404	1125	15913	36	80	-28	2
-1379	1121	15913	21	78	-18	2
-1377	1118	15883	-4	76	-14	2
-1375	1139	15839	6	67	-15	2
-1377	1151	15841	27	62	-12	2
-1386	1170	15870	54	61	-44	2
-1396	1178	15870	28	96	-54	2
-1406	1153	15899	28	117	-58	2
-1363	1126	15935	50	142	-54	2
-1380	1123	15912	75	126	-32	2
-1356	1113	15934	62	100	-22	2
-1383	1129	15922	62	82	-28	2
-1392	1143	15905	16	70	-8	2
-1402	1142	15855	-8	84	-20	2
-1386	1138	15867	-21	88	-10	2
-1392	1134	15894	3	86	-13	2
-1387	1139	15873	34	67	-23	2
-1408	1147	15901	81	75	-43	2
-1401	1131	15906	100	97	-29	2
-1394	1102	15931	109	101	-34	2
-1378	1084	15932	100	74	-32	2
-1381	1061	15968	65	67	-2	2
-1384	1070	15904	57	42	-4	2
-1405	1116	15901	47	55	-15	2
-1405	1116	15893	16	62	0	2
-1379	1123	15884	45	61	-4	2
-1391	1124	15931	71	69	-12	2
-1393	1143	15987	89	70	-43	2
-1395	1117	15958	129	55	-49	2
-1397	1087	15952	131	77	-45	2
-1374	1086	15957	99	78	-23	2
-1356	1082	15923	71	64	-6	2
-1416	1096	15888	23	63	0	2
-1409	1113	15874	-24	58	8	2
-1411	1144	15839	1	46	-10	2
-1400	1154	15879	3	71	-23	2
-1391	1159	15898	52	81	-43	2
-1394	1139	15949	110	92	-54	2
-1394	1119	15955	128	108	-54	2
-1371	1098	15964	125	96	-40	2
-1373	1104	15980	115	102	-45	2
-1353	1111	15921	51	106	-29	2
-1379	1105	15911	-8	118	-17	2
-1367	1138	15879	-67	98	-7	2
-1385	1173	15840	-81	100	-10	2
-1395	1181	15817	-33	103	-37	2
-1403	1178	15883	40	105	-64	2
-1400	1171	15904	86	121	-53	2
-1397	1136	15943	119	108	-47	2
-1380	1117	15962	131	92	-42	2
-1361	1103	15970	111	90	-40	2
-1367	1098	15899	60	83	-39	2
-1378	1114	15902	32	87	-35	2
-1386	1132	15871	-35	100	-6	2
-1397	1147	15872	-52	93	-3	2
-1425	1155	15867	-28	78	-7	2
-1393	1149	15887	29	77	-21	2
-1367	1144	15908	91	64	-14	2
-1369	1120	15929	150	57	-38	2
-1389	1081	15958	153	64	-34	2
-1382	1080	15911	135	65	-14	2
-1370	1067	15908	106	67	-9	2
-1388	1084	15942	53	66	-4	2
-1397	1103	15901	14	36	-1	2
-1416	1120	15864	12	51	-19	2
-1390	1148	15898	17	63	8	2
-1396	1145	15909	61	65	-21	2
-1388	1131	15929	102	79	-40	2
-1366	1104	16017	124	77	-32	2
-1395	1077	15930	129	70	-23	2
-1378	1090	15939	97	79	-42	2
-1378	1093	15906	43	64	-27	2
-1371	1095	15900	-2	68	-13	2
-1392	1134	15877	-20	78	-19	2
-1395	1153	15919	-18	76	-9	2
-1408	1174	15880	29	86	-31	2
-1394	1153	15918	69	99	-52	2
-1405	1142	15910	100	106	-33	2
-1395	1122	15937	115	107	-46	2
-1368	1111	15940	90	99	-42	2
-1379	1111	15925	58	96	-23	2
-1391	1117	15912	33	81	-31	2
-1381	1140	15904	-27	90	-25	2
-1372	1158	15895	-44	99	-16	2
-1384	1157	15862	-51	94	-20	2
-1398	1169	15864	0	83	-22	2
-1386	1161	15862	60	85	-34	2
-1376	1142	15921	130	83	-50	2
-1375	1122	15933	129	82	-51	2
-1352	1117	15946	128	99	-32	2
-1368	1107	15920	87	90	-20	2
-1384	1094	15938	28	74	-4	2
-1394	1105	15891	-6	78	-9	2
-1388	1140	15876	10	78	-28	2
-1391	1151	15894	4	79	-24	2
-1385	1140	15900	22	85	-22	2
-1403	1132	15910	67	86	-30	2
-1402	1124	15926	116	88	-37	2
-1393	1101	15909	141	60	-30	2
-1360	1083	15919	140	57	-27	2
-1391	1087	15888	87	60	-13	2
-1395	1088	15902	56	62	0	2
-1393	1105	15890	35	73	-2	2
-1429	1123	15889	25	75	-5	2
-1410	1114	15900	62	54	-10	2
-1413	1120	15895	93	70	-22	2
-1393	1115	15936	82	70	-25	2
-1409	1105	15921	74	75	-38	2
-1369	1106	15941	76	73	-20	2
-1371	1087	15965	58	76	-11	2
-1371	1101	15899	43	60	-19	2
-1376	1121	15898	23	83	-30	2
-1396	1137	15887	-8	91	-21	2
-1423	1143	15897	2	85	-23	2
-1389	1172	15900	21	79	-45	2
-1431	1159	15951	59	91	-47	2
-1389	1124	15946	102	79	-58	2
-1374	1128	15954	106	95	-45	2
-1374	1120	15939	72	94	-33	2
-1362	1121	15947	35	110	-35	2
-1374	1119	15924	17	106	-35	2
-1396	1130	15909	1	95	-27	2
-1401	1163	15870	-4	78	-30	2
-1389	1156	15879	-7	76	-25	2
-1400	1162	15877	13	85	-23	2
-1385	1167	15893	51	85	-25	2
-1407	1155	15901	84	80	-27	2
-1410	1114	15889	105	82	-28	2
-1363	1124	15930	129	74	-33	2
-1390	1100	15937	99	73	-40	2
-1390	1093	15922	70	78	-19	2
-1391	1117	15890	44	67	-13	2
-1391	1106	15896	33	72	-5	2
-1397	1122	15886	31	65	-11	2
-1390	1132	15909	47	57	-18	2
-1409	1130	15909	51	68	-13	2
-1410	1115	15884	81	77	-9	2
-1382	1093	15913	107	64	-20	2
-1395	1099	15928	101	57	-13	2
-1400	1084	15865	79	43	-19	2
-1379	1092	15902	80	60	-28	2
-1390	1096	15898	51	65	-17	2
-1404	1133	15922	54	75	-22	2
-1401	1141	15885	42	77	-12	2
-1374	1115	15925	58	76	-24	2
-1390	1139	15910	84	64	-20	2
-1388	1130	15920	97	73	-32	2
-1381	1100	15911	60	70	-15	2
-1414	1119	15905	45	86	-21	2
-1365	1127	15914	42	88	-23	2
-1383	1127	15913	12	74	-21	2
-1397	1133	15870	14	65	-23	2
-1402	1152	15873	24	92	-39	2
-1389	1153	15914	24	93	-33	2
-1376	1135	15890	56	89	-24	2
-1366	1150	15917	72	94	-33	2
-1403	1154	15953	73	104	-38	2
-1365	1124	15933	76	98	-33	2
-1366	1131	15947	48	101	-36	2
-1375	1136	15915	22	97	-23	2
-1387	1139	15900	8	91	-13	2
-1394	1132	15900	-6	80	-9	2
-1377	1151	15949	17	81	-8	2
-1388	1153	15895	36	78	-24	2
-1387	1138	15901	57	96	-29	2
-1382	1126	15915	65	90	-20	2
-1370	1112	15930	78	89	-27	2
-1385	1123	15924	95	76	-18	2
-1393	1107	15945	96	69	-7	2
-1370	1097	15904	77	67	-29	2
-1379	1095	15927	26	70	-24	2
-1396	1117	15892	34	76	-15	2
-1407	1121	15917	55	71	-15	2
-1392	1146	15875	51	62	-15	2
-1407	1113	15888	61	50	-18	2
-1387	1095	15900	98	52	-32	2
-1384	1110	15916	90	62	-25	2
-1385	1103	15917	78	69	-13	2
-1387	1114	15910	52	54	-3	2
-1401	1093	15909	37	59	0	2
-1420	1123	15851	52	61	-14	2
-1388	1130	15879	75	59	-32	2
-1412	1141	15909	70	69	-20	2
-1387	1149	15916	64	80	-36	2
-1382	1143	15940	46	103	-46	2
-1387	1140	15942	67	103	-50	2
-1380	1129	15925	63	98	-37	2
-1388	1075	15920	65	81	-25	2
-1372	1092	15891	42	67	-27	2
-1374	1111	15862	32	57	-16	2
-1387	1135	15873	0	63	4	2
-1406	1159	15888	-38	85	-7	2
-1401	1173	15867	-3	90	-21	2
-1415	1171	15868	56	119	-39	2
-1381	1152	15922	91	128	-65	2
-1384	1131	15969	125	107	-67	2
-1372	1108	15970	119	92	-46	2
-1376	1100	16027	84	89	-35	2
-1379	1103	15904	24	66	-37	2
-1376	1108	15900	-26	80	-19	2
-1393	1118	15889	-55	87	-3	2
-1414	1147	15839	-56	95	-2	2
-1411	1157	15881	3	88	-21	2
-1417	1179	15952	69	74	-34	2
-1401	1156	15906	152	78	-48	2
-1396	1104	15967	173	91	-47	2
-1390	1071	15963	156	80	-32	2
-1382	1062	15981	125	63	-21	2
-1383	1070	15946	66	56	-13	2
-1383	1093	15922	4	56	-12	2
-1403	1122	15889	4	48	-6	2
-1415	1139	15896	-10	61	2	2
-1402	1167	15885	19	69	-24	2
-1425	1154	15867	73	65	-41	2
-1403	1110	15928	125	70	-34	2
-1389	1079	15938	153	71	-41	2
-1359	1067	15936	166	51	-47	2
-1371	1062	15917	105	63	-26	2
-1385	1091	15931	34	67	-19	2
-1407	1134	15853	-24	67	-15	2
-1403	1145	15888	-30	61	-5	2
-1426	1140	15879	-22	69	-13	2
-1408	1159	15877	49	85	-30	2
-1395	1167	15905	88	95	-46	2
-1388	1140	15944	127	111	-43	2
-1364	1117	15967	132	104	-45	2
-1359	1096	15954	88	109	-40	2
-1346	1087	15926	39	86	-26	2
-1371	1113	15908	-15	80	-12	2
-1388	1145	15877	-64	93	-3	2
-1417	1195	15860	-71	92	-16	2
-1402	1201	15854	-43	96	-26	2
-1421	1193	15888	15	102	-30	2
-1408	1159	15898	103	86	-41	2
-1384	1129	15971	163	107	-57	2
-1394	1116	15987	152	102	-41	2
-1363	1081	15982	116	88	-31	2
-1368	1092	15926	65	82	-13	2
-1371	1110	15951	-9	94	0	2
-1394	1126	15853	-41	78	-6	2
-1391	1148	15871	-40	87	-5	2
-1413	1160	15881	-23	82	-11	2
-1436	1172	15881	49	76	-22	2
-1408	1167	15892	129	87	-39	2
-1391	1110	16010	168	92	-28	2
-1392	1085	15944	181	73	-31	2
-1383	1057	15961	165	78	-34	2
-1381	1058	15926	100	85	-19	2
-1382	1081	15917	23	67	-2	2
-1385	1104	15889	-21	54	4	2
-1431	1133	15915	-38	56	-3	2
-1413	1157	15866	-4	62	-17	2
-1414	1142	15906	58	58	-28	2
-1403	1112	15916	97	70	-39	2
-1384	1094	15947	147	63	-36	2
-1397	1092	15951	139	72	-28	2
-1349	1055	15944	101	68	-18	2
-1373	1089	15930	50	57	-9	2
-1402	1125	15904	-7	60	-5	2
-1399	1129	15867	-25	69	-16	2
-1413	1158	15882	-10	75	-15	2
-1406	1173	15888	27	78	-30	2
-1392	1154	15873	77	93	-46	2
-1390	1159	15916	142	98	-50	2
-1377	1130	15972	119	103	-43	2
-1373	1117	15947	85	108	-47	2
-1369	1113	15913	40	100	-33	2
-1391	1130	15891	-9	95	-26	2
-1390	1123	15822	-38	74	-19	2
-1402	1151	15860	-31	84	-17	2
-1399	1176	15855	-11	91	-15	2
-1415	1171	15873	42	106	-30	2
-1403	1166	15893	99	98	-43	2
-1391	1141	15948	135	103	-47	2
-1360	1107	15959	143	97	-34	2
-1376	1085	15960	111	81	-33	2
-1387	1084	15932	40	62	-9	2
-1398	1106	15905	-9	76	5	2
-1426	1129	15872	-38	83	-11	2
-1422	1157	15907	-36	98	-6	2
-1402	1160	15857	18	71	-12	2
-1382	1138	15910	76	66	-28	2
-1390	1139	15906	106	70	-20	2
-1404	1098	15914	128	60	-17	2
-1398	1092	15934	136	60	-24	2
-1394	1081	15990	115	57	-13	2
-1400	1087	15926	90	39	-6	2
-1403	1091	15917	42	56	-6	2
-1397	1138	15910	-4	75	-10	2
-1429	1129	15876	4	78	-17	2
-1410	1134	15909	26	72	-18	2
-1418	1143	15929	54	79	-30	2
-1380	1119	15913	115	78	-35	2
-1397	1109	15947	130	86	-46	2
-1373	1100	15896	91	92	-34	2
-1381	1082	15915	58	92	-27	2
-1372	1120	15889	28	85	-24	2
-1398	1114	15904	-9	77	-6	2
-1419	1136	15869	13	80	-13	2
-1401	1148	15877	5	95	-33	2
-1378	1154	15913	22	97	-36	2
-1405	1153	15909	57	94	-37	2
-1385	1131	15927	92	106	-30	2
-1389	1111	15915	91	106	-34	2
-1381	1098	15924	77	94	-41	2
-1377	1119	15935	32	84	-28	2
-1389	1123	15919	-25	86	-16	2
-1385	1144	15874	-36	85	-20	2
-1390	1148	15909	-30	71	-23	2
-1395	1153	15877	2	77	-18	2
-1393	1148	15891	64	80	-28	2
-1374	1140	15888	94	75	-27	2
-1383	1124	15932	103	74	-31	2
-1371	1093	15934	111	94	-36	2
-1386	1095	15931	99	89	-29	2
-1383	1089	15916	57	76	-9	2
-1403	1116	15911	52	64	-21	2
-1383	1101	15899	14	67	2	2
-1398	1132	15889	20	59	-2	2
-1387	1135	15906	33	69	-17	2
-1420	1151	15942	67	72	-31	2
-1392	1111	15886	123	63	-26	2
-1392	1118	15925	140	66	-31	2
-1397	1097	15925	110	52	-26	2
-1374	1085	15925	99	58	-27	2
-1382	1105	15937	70	57	-28	2
-1391	1107	15964	35	54	-22	2
-1384	1112	15893	33	41	-10	2
-1402	1128	15892	42	64	-31	2
-1399	1155	15903	36	72	-29	2
-1408	1140	15912	60	85	-16	2
-1380	1133	15923	76	75	-28	2
-1389	1115	16002	89	80	-35	2
-1391	1098	15915	90	73	-30	2
-1378	1112	15907	56	79	-32	2
-1380	1123	15902	12	88	-17	2
-1378	1122	15904	-17	87	-11	2
-1376	1135	15897	-1	89	-14	2
-1384	1128	15941	15	87	-21	2
-1377	1149	15918	61	86	-28	2
-1426	1146	15911	64	98	-40	2
-1367	1122	15939	82	108	-40	2
-1372	1118	15922	66	112	-29	2
-1389	1134	15931	48	105	-27	2
-1376	1131	15932	32	94	-23	2
-1381	1119	15906	25	86	-31	2
-1398	1122	15904	-11	98	-21	2
-1401	1160	15897	13	98	-24	2
-1397	1141	15893	36	101	-30	2
-1396	1123	15897	63	94	-11	2
-1387	1107	15902	79	70	-6	2
-1387	1109	15934	112	62	-20	2
-1369	1107	15935	95	86	-20	2
-1386	1099	15938	63	91	-18	2
-1413	1123	15886	60	81	-24	2
-1410	1118	15907	44	64	-15	2
-1405	1114	15870	31	51	-1	2
-1415	1125	15897	39	61	-5	2
-1410	1108	15918	51	81	-11	2
-1397	1127	15913	59	67	-23	2
-1384	1118	15953	87	67	-35	2
-1402	1086	15916	115	63	-29	2
-1404	1098	15905	99	48	-23	2
-1376	1085	15907	99	45	-35	2
-1385	1097	15888	59	52	-31	2
-1398	1094	15910	39	68	-10	2
-1396	1094	15956	34	83	-4	2
-1416	1140	15927	44	81	-22	2
-1412	1132	15896	58	76	-31	2
-1390	1134	15900	75	85	-41	2
-1384	1108	15934	68	83	-29	2
-1371	1112	15914	59	88	-21	2
-1393	1132	15906	41	88	-30	2
-1371	1120	15939	42	91	-35	2
-1390	1134	15902	54	90	-32	2
-1390	1155	15902	31	104	-33	2
-1412	1148	15903	11	95	-32	2
-1391	1130	15911	32	100	-35	2
-1387	1132	15915	32	100	-38	2
-1378	1123	15978	60	84	-21	2
-1363	1103	15915	84	77	-16	2
-1387	1109	15886	64	85	-7	2
-1391	1135	15900	18	86	3	2
-1413	1157	15908	1	92	-11	2
-1406	1151	15881	10	96	-9	2
-1416	1141	15880	20	110	-6	2
-1398	1135	15904	68	90	-29	2
-1386	1136	15941	104	81	-37	2
-1389	1126	15951	107	71	-28	2
-1376	1109	15967	89	75	-30	2
-1372	1094	15932	66	71	-24	2
-1372	1098	15909	24	65	-14	2
-1401	1108	15862	34	68	-15	2
-1401	1124	15891	26	62	-1	2
-1390	1153	15902	24	63	-12	2
-1398	1134	15897	60	84	-23	2
-1426	1120	15903	94	79	-28	2
-1390	1103	15924	129	77	-21	2
-1389	1065	15948	153	62	-31	2
-1372	1074	15919	123	50	-8	2
-1363	1071	15932	72	58	-6	2
-1389	1088	15896	22	68	-3	2
-1404	1107	15884	-14	64	-9	2
-1404	1133	15863	-7	52	-12	2
-1424	1128	15899	44	71	-38	2
-1401	1131	15944	76	82	-28	2
-1400	1136	15924	89	81	-46	2
-1396	1106	15922	96	79	-45	2
-1376	1098	15940	89	85	-28	2
-1390	1074	15893	59	67	-45	2
-1399	1099	15906	27	71	-33	2
-1379	1124	15868	-30	81	-33	2
-1395	1125	15890	-32	87	-29	2
-1398	1173	15895	-11	100	-27	2
-1420	1184	15960	15	96	-30	2
-1397	1154	15942	74	96	-45	2
-1394	1105	15943	119	106	-57	2
-1374	1123	15979	106	117	-43	2
-1340	1098	15944	75	100	-41	2
-1380	1098	15924	31	86	-19	2
-1396	1135	15975	-23	85	-16	2
-1404	1158	15877	-24	62	-25	2
-1393	1168	15862	-21	81	-31	2
-1427	1163	15872	8	82	-28	2
-1403	1151	15908	70	97	-35	2
-1397	1141	15917	125	88	-38	2
-1382	1107	15983	156	86	-38	2
-1355	1088	15953	164	75	-28	2
-1377	1084	15960	91	72	-20	2
-1380	1084	15939	56	70	-17	2
-1385	1104	15890	6	68	-22	2
-1392	1124	15897	-37	63	-2	2
-1415	1123	15868	-20	58	11	2
-1428	1141	15875	50	65	-26	2
-1382	1129	15901	88	73	-32	2
-1390	1110	15928	126	63	-35	2
-1381	1103	15916	129	72	-33	2
-1391	1074	15928	139	81	-36	2
-1367	1068	15919	104	71	-21	2
-1389	1100	15897	71	65	-22	2
-1410	1103	15885	2	62	-20	2
-1426	1146	15897	-38	67	-17	2
-1441	1164	15861	-26	83	-18	2
-1414	1148	15903	19	84	-29	2
-1384	1147	15893	75	74	-41	2
-1408	1135	15909	116	82	-49	2
-1382	1097	15922	117	94	-43	2
-1376	1094	15923	94	84	-34	2
-1377	1096	15939	34	88	-29	2
-1385	1112	15914	-4	84	-11	2
-1388	1110	15863	-22	69	-1	2
-1401	1164	15878	-14	86	-17	2
-1410	1159	15906	-2	96	-22	2
-1394	1150	15908	41	99	-39	2
-1401	1153	15933	86	120	-34	2
-1402	1132	16005	98	115	-30	2
-1391	1111	15923	105	84	-29	2
-1364	1109	15952	88	89	-34	2
-1377	1107	15925	18	83	-2	2
-1402	1113	15899	-26	77	-3	2
-1403	1131	15892	-28	76	-22	2
-1423	1159	15896	-8	75	-14	2
-1390	1181	15857	44	72	-19	2
-1411	1158	15910	92	84	-19	2
-1418	1129	15912	119	89	-32	2
-1371	1105	15932	150	75	-31	2
-1376	1084	15945	144	80	-29	2
-1394	1061	15987	97	75	1	2
-1377	1094	15901	55	64	-9	2
-1407	1101	15882	13	63	-15	2
-1385	1135	15890	-1	75	-3	2
-1403	1126	15895	-9	78	3	2
-1405	1147	15885	40	80	-6	2
-1413	1109	15919	86	82	-24	2
-1382	1101	15894	145	70	-34	2
-1396	1110	15912	128	76	-28	2
-1404	1089	15921	110	82	-36	2
-1398	1095	15876	79	71	-27	2
-1391	1116	15916	34	84	-18	2
-1414	1115	15884	20	81	-18	2
-1412	1143	15876	32	68	-38	2
-1406	1160	15929	22	81	-18	2
-1405	1136	15922	48	87	-38	2
-1393	1155	15906	77	108	-39	2
-1395	1122	15925	84	100	-36	2
-1374	1094	15928	67	98	-27	2
-1388	1105	15907	64	92	-44	2
-1354	1116	15935	38	96	-26	2
-1375	1131	15904	13	86	-18	2
-1383	1135	15909	-8	87	-27	2
-1396	1156	15882	-14	99	-27	2
-1423	1170	15867	28	91	-15	2
-1378	1155	15923	73	98	-30	2
-1408	1134	15902	74	95	-38	2
-1384	1116	15929	92	101	-43	2
-1402	1096	15943	86	90	-30	2
-1382	1107	15926	60	95	-35	2
-1386	1103	15871	37	89	-20	2
-1384	1108	15879	13	90	-11	2
-1406	1124	15881	-3	85	-14	2
-1392	1140	15892	15	75	-22	2
-1405	1132	15903	40	77	-22	2
-1401	1126	15961	72	69	-25	2
-1387	1123	15903	118	63	-33	2
-1374	1117	15937	136	64	-28	2
-1395	1102	15932	93	70	-29	2
-1410	1086	15945	69	84	-22	2
-1412	1104	15929	52	79	-34	2
-1387	1103	15950	10	58	-12	2
-1399	1127	15909	26	50	-12	2
-1410	1129	15887	41	68	-17	2
-1404	1106	15886	65	73	-17	2
-1386	1105	15916	95	83	-20	2
-1380	1116	15910	101	72	-26	2
-1422	1112	15916	89	68	-1	2
-1402	1118	15926	96	62	-9	2
-1393	1099	15926	72	84	-13	2
-1412	1115	15919	32	81	-6	2
-1395	1124	15892	18	80	-8	2
-1406	1131	15901	26	81	0	2
-1409	1150	15864	36	80	-14	2
-1385	1144	15880	86	85	-55	2
-1387	1147	15915	86	97	-44	2
-1390	1124	15936	75	90	-36	2
-1394	1113	15923	58	98	-32	2
-1396	1121	15919	29	104	-33	2
-1382	1122	15893	5	96	-28	2
-1406	1122	15920	5	94	-32	2
-1406	1144	15888	3	106	-23	2
-1418	1159	15870	34	93	-10	2
-1393	1175	15898	59	85	-21	2
-1397	1148	15911	68	86	-18	2
-1389	1122	15891	75	81	-15	2
-1394	1122	15938	98	76	-16	2
-1406	1115	15917	69	84	-23	2
-1392	1111	15919	49	85	-20	2
-1394	1117	15903	32	85	-14	2
-1411	1128	15892	38	77	-17	2
-1412	1145	15849	32	61	-17	2
-1393	1153	15898	49	63	-22	2
-1408	1121	15882	51	65	-12	2
-1411	1112	15921	74	69	-21	2
-1406	1113	15916	99	61	-7	2
-1396	1103	15979	103	56	-15	2
-1410	1101	15894	97	56	-16	2
-1396	1109	15929	84	75	-27	2
-1403	1119	15916	63	74	-21	2
-1427	1120	15898	49	79	-7	2
-1381	1111	15911	50	77	-17	2
-1413	1135	15935	48	78	-32	2
-1387	1134	15885	68	62	-29	2
-1369	1117	15922	72	70	-29	2
-1404	1123	15901	82	68	-17	2
-1404	1124	15892	76	71	-16	2
-1413	1115	15911	67	78	-22	2
-1435	1124	15915	53	81	-22	2
-1401	1114	15908	50	66	-22	2
-1395	1132	15918	28	85	-26	2
-1394	1146	15921	22	94	-32	2
-1401	1139	15909	21	93	-26	2
-1397	1141	15916	34	93	-17	2
-1384	1130	15934	57	101	-22	2
-1383	1132	15916	68	93	-42	2
-1392	1136	15918	66	93	-22	2
-1410	1140	15897	38	87	-31	2
-1391	1141	15903	28	85	-34	2
-1380	1128	15906	21	82	-22	2
-1382	1125	15887	19	84	-12	2
-1381	1121	15902	51	77	-13	2
-1402	1126	15912	61	77	-20	2
-1397	1121	15927	69	92	-27	2
-1393	1109	15905	72	90	-20	2
-1400	1112	15898	74	79	-8	2
-1398	1110	15898	62	71	-9	2
-1387	1136	15946	59	67	-23	2
-1404	1173	15927	41	76	-16	2
-1404	1146	15937	37	81	-26	2
-1398	1134	15949	45	102	-30	2
-1394	1074	15937	74	101	-28	2
-1408	1051	15877	113	60	-27	2
-1372	1070	15876	126	30	-30	2
-1408	1107	15852	62	21	5	2
-1407	1138	15842	5	39	4	2
-1411	1159	15870	-9	81	-14	2
-1427	1168	15923	1	108	-27	2
-1409	1139	15899	66	107	-43	2
-1405	1115	15962	142	112	-53	2
-1389	1100	16005	193	104	-50	2
-1381	1074	15979	165	84	-25	2
-1379	1057	15953	112	70	-5	2
-1395	1091	15929	3	50	21	2
-1383	1129	15840	-63	34	26	2
-1430	1165	15830	-92	63	-7	2
-1426	1205	15836	-82	95	-9	2
-1430	1190	15858	12	121	-26	2
-1422	1164	15942	138	119	-43	2
-1408	1113	16010	210	102	-53	2
-1356	1061	16001	235	84	-49	2
-1370	1037	15973	162	79	-35	2
-1374	1067	15937	38	68	-24	2
-1387	1103	15885	-54	79	2	2
-1412	1153	15842	-116	94	4	2
-1427	1195	15871	-119	98	1	2
-1427	1207	15852	-49	87	-23	2
-1409	1203	15914	69	109	-51	2
-1401	1157	15959	165	113	-54	2
-1371	1104	15990	218	87	-50	2
-1362	1056	15977	202	85	-38	2
-1372	1035	15906	133	58	-19	2
-1365	1046	15913	47	41	1	2
-1407	1087	15832	-72	53	24	2
-1431	1169	15789	-112	60	21	2
-1433	1190	15831	-72	62	7	2
-1449	1190	15856	17	85	-16	2
-1430	1178	15905	154	98	-42	2
-1391	1142	15948	241	105	-65	2
-1374	1061	16031	256	92	-56	2
-1319	1024	16019	229	88	-30	2
-1372	1024	15982	109	71	-2	2
-1365	1058	15890	-27	54	20	2
-1405	1110	15799	-120	42	24	2
-1419	1160	15775	-140	45	7	2
-1433	1212	15802	-88	72	-11	2
-1439	1224	15874	14	83	-40	2
-1428	1175	15934	135	100	-52	2
-1407	1136	15987	241	108	-60	2
-1357	1054	16022	293	90	-71	2
-1369	1043	15995	243	92	-69	2
-1370	1031	15956	104	81	-18	2
-1399	1065	15881	-58	71	10	2
-1406	1128	15834	-140	77	22	2
-1423	1172	15847	-171	79	9	2
-1443	1215	15779	-124	85	-3	2
-1429	1227	15845	27	113	-29	2
-1410	1184	15911	156	106	-49	2
-1384	1131	15970	242	106	-62	2
-1367	1075	16011	258	123	-51	2
-1336	1021	16035	177	104	-35	2
-1359	1032	15939	75	66	-29	2
-1384	1073	15889	-51	66	-8	2
-1420	1150	15823	-140	78	9	2
-1432	1193	15835	-147	77	25	2
-1450	1221	15809	-65	93	-6	2
-1416	1195	15919	64	96	-29	2
-1392	1163	15938	198	94	-55	2
-1368	1087	16013	240	91	-50	2
-1370	1047	15990	214	90	-41	2
-1348	1023	15966	148	77	-29	2
-1381	1038	15907	17	59	2	2
-1418	1079	15855	-103	58	14	2
-1427	1122	15817	-116	42	14	2
-1432	1177	15830	-77	64	-11	2
-1439	1192	15833	0	74	-16	2
-1429	1175	15906	107	92	-33	2
-1390	1145	15924	200	91	-55	2
-1363	1071	15981	256	85	-47	2
-1371	1036	16002	228	74	-45	2
-1361	1027	15963	114	66	-40	2
-1411	1056	15905	1	71	-15	2
-1425	1114	15843	-116	70	3	2
-1436	1152	15824	-160	71	18	2
-1432	1174	15780	-94	67	0	2
-1446	1204	15856	23	86	-39	2
-1428	1161	15893	115	97	-43	2
-1408	1137	15945	201	92	-48	2
-1375	1078	15999	223	95	-47	2
-1372	1049	16015	189	96	-35	2
-1388	1047	15964	85	77	-23	2
-1361	1092	15922	-19	77	-20	2
-1391	1124	15880	-112	97	-15	2
-1414	1172	15828	-130	79	-1	2
-1424	1212	15850	-96	101	6	2
-1426	1222	15886	-7	107	-14	2
-1401	1175	15889	122	82	-36	2
-1382	1146	15940	219	96	-56	2
-1376	1112	15986	201	100	-52	2
-1370	1045	15956	149	84	-41	2
-1380	1079	15918	54	73	-29	2
-1410	1104	15936	-31	84	-8	2
-1404	1127	15853	-80	70	-5	2
-1431	1155	15842	-78	72	-12	2
-1414	1174	15880	-42	80	-4	2
-1417	1174	15909	52	89	-24	2
-1416	1159	15918	130	86	-38	2
-1416	1104	16006	186	71	-35	2
-1371	1064	15986	213	66	-37	2
-1362	1036	15968	131	77	-31	2
-1361	1041	15947	42	69	-17	2
-1406	1093	15878	-37	57	1	2
-1421	1124	15847	-76	58	0	2
-1438	1165	15867	-57	70	1	2
-1437	1175	15890	30	56	-25	2
-1428	1158	15880	99	81	-41	2
-1385	1139	15927	166	83	-27	2
-1369	1103	15952	192	90	-27	2
-1363	1063	15982	166	83	-13	2
-1408	1067	15915	97	63	-10	2
-1396	1076	15904	32	63	-22	2
-1399	1107	15873	-51	72	-17	2
-1429	1155	15857	-79	74	-14	2
-1428	1170	15855	-48	84	-5	2
-1419	1184	15877	13	84	-7	2
-1407	1152	15875	88	85	-23	2
-1395	1125	15935	164	93	-37	2
-1372	1098	15959	169	103	-43	2
-1381	1096	15974	128	95	-29	2
-1389	1093	15952	56	94	-9	2
-1401	1100	15877	2	84	-23	2
-1405	1132	15856	-55	81	-29	2
-1428	1165	15853	-45	83	-21	2
-1437	1202	15856	-27	88	-22	2
-1434	1182	15879	33	92	-33	2
-1388	1154	15925	87	96	-41	2
-1396	1108	15944	130	92	-41	2
-1371	1103	15933	133	87	-41	2
-1388	1093	15924	125	95	-38	2
-1389	1082	15930	49	72	-20	2
-1391	1112	15890	-9	68	-6	2
-1401	1124	15885	-43	63	-9	2
-1422	1154	15889	-35	75	-19	2
-1424	1163	15869	11	68	-6	2
-1428	1161	15884	80	83	-35	2
-1407	1138	15921	121	100	-38	2
-1384	1102	15913	135	87	-31	2
-1385	1082	15971	123	78	-29	2
-1404	1084	15965	89	69	-12	2
-1389	1085	15909	63	61	-12	2
-1405	1103	15898	9	63	-8	2
-1403	1124	15883	-25	72	9	2
-1404	1138	15872	-12	74	-14	2
-1425	1152	15891	25	65	-37	2
-1413	1125	15975	79	66	-38	2
-1416	1108	15896	134	69	-39	2
-1401	1124	15949	132	80	-28	2
-1378	1084	15940	106	81	-26	2
-1398	1075	15913	66	76	-27	2
-1392	1093	15894	28	69	-10	2
-1416	1115	15905	0	74	-1	2
-1425	1144	15882	12	82	3	2
-1413	1136	15898	8	106	-6	2
-1421	1143	15880	34	94	-22	2
-1402	1136	15912	68	110	-35	2
-1411	1130	15914	96	99	-37	2
-1376	1101	15906	105	81	-31	2
-1405	1095	15914	104	85	-34	2
-1380	1098	15925	49	87	-21	2
-1402	1128	15888	8	103	-18	2
-1416	1160	15892	-13	116	-13	2
-1404	1183	15924	-28	119	-32	2
-1421	1166	15887	11	106	-35	2
-1401	1144	15922	81	112	-38	2
-1383	1118	15917	120	90	-33	2
-1388	1086	15940	121	61	-28	2
-1394	1083	15916	101	59	-28	2
-1409	1104	15887	45	66	3	2
-1409	1130	15837	1	71	8	2
-1421	1153	15861	-40	81	-14	2
-1431	1182	15865	-49	97	-31	2
-1443	1171	15915	22	115	-39	2
-1396	1132	15965	108	122	-34	2
-1373	1102	16007	173	105	-35	2
-1362	1067	15981	209	61	-14	2
-1366	1060	15938	156	64	-12	2
-1380	1080	15904	30	61	-1	2
-1394	1117	15875	-59	57	14	2
-1447	1161	15811	-96	66	10	2
-1448	1165	15892	-79	83	-12	2
-1450	1184	15862	25	78	-26	2
-1440	1172	15915	143	86	-38	2
-1397	1101	15967	200	76	-46	2
-1374	1061	15967	236	84	-54	2
-1373	1029	15965	178	82	-29	2
-1387	1044	15959	78	75	-3	2
-1388	1068	15843	14	51	-14	2
-1410	1118	15867	-75	76	-11	2
-1440	1172	15822	-117	99	-3	2
-1439	1211	15850	-52	109	-17	2
-1429	1191	15913	36	111	-26	2
-1386	1130	15975	140	103	-40	2
-1370	1098	15977	224	94	-50	2
-1363	1065	15993	205	84	-41	2
-1345	1055	15952	116	83	-27	2
-1384	1053	15905	0	77	-7	2
-1395	1106	15854	-83	75	5	2
-1419	1154	15847	-132	71	9	2
-1455	1206	15834	-85	81	-18	2
-1432	1210	15856	-5	115	-27	2
-1403	1184	15929	104	115	-51	2
-1406	1133	15979	187	124	-61	2
-1353	1069	15992	217	99	-50	2
-1362	1041	15976	184	84	-29	2
-1348	1055	15953	125	68	-31	2
-1381	1074	15891	-27	58	4	2
-1418	1131	15842	-117	69	17	2
-1450	1159	15807	-140	83	14	2
-1444	1196	15824	-73	90	-4	2
-1441	1221	15847	34	79	-24	2
-1407	1185	15913	171	92	-55	2
-1379	1124	15958	231	97	-60	2
-1370	1067	15999	246	78	-54	2
-1376	1041	15985	213	78	-36	2
-1380	1025	15989	103	79	-7	2
-1387	1061	15875	-7	48	2	2
-1409	1110	15865	-88	46	-8	2
-1425	1167	15816	-122	48	-13	2
-1437	1192	15819	-67	81	-7	2
-1452	1198	15894	31	94	-28	2
-1429	1158	15975	164	103	-40	2
-1377	1103	15973	249	81	-47	2
-1379	1066	15989	250	82	-43	2
-1367	1020	15978	156	69	-22	2
-1371	1060	15939	36	66	-16	2
-1402	1087	15865	-50	71	2	2
-1415	1129	15920	-112	83	8	2
-1440	1163	15832	-106	70	1	2
-1437	1195	15876	-47	90	-22	2
-1412	1176	15892	69	102	-49	2
-1396	1136	15938	167	106	-54	2
-1408	1096	15951	205	92	-46	2
-1375	1052	16029	190	86	-40	2
-1367	1053	15961	121	88	-31	2
-1373	1087	15893	11	81	-12	2
-1407	1112	15857	-78	73	-5	2
-1426	1164	15830	-128	81	8	2
-1441	1194	15845	-100	81	-12	2
-1452	1209	15843	-7	97	-18	2
-1419	1186	15913	143	109	-41	2
-1402	1136	15935	217	109	-49	2
-1386	1091	15971	207	108	-52	2
-1379	1056	15980	167	89	-33	2
-1375	1039	15973	78	62	-34	2
-1400	1079	15884	-27	59	2	2
-1408	1113	15844	-80	63	6	2
-1405	1158	15828	-105	75	4	2
-1442	1167	15856	-59	81	-6	2
-1418	1204	15842	40	86	-22	2
-1414	1156	15900	124	87	-31	2
-1385	1115	15930	195	79	-28	2
-1385	1082	15966	244	73	-48	2
-1366	1051	15966	176	76	-28	2
-1376	1060	15925	73	76	-24	2
-1418	1080	15863	-6	63	-3	2
-1396	1104	15862	-74	64	12	2
-1443	1161	15826	-73	70	14	2
-1417	1182	15851	-7	78	-25	2
-1444	1170	15874	52	78	-29	2
-1410	1149	15909	134	77	-31	2
-1384	1102	15950	182	85	-33	2
-1371	1082	16008	185	81	-35	2
-1408	1077	15933	121	54	-19	2
-1383	1068	15918	61	52	-15	2
-1379	1070	15879	-29	66	-20	2
-1406	1138	15863	-72	77	-7	2
-1422	1170	15861	-49	79	-21	2
-1430	1166	15902	-12	87	-21	2
-1424	1163	15880	79	77	-44	2
-1408	1139	15943	154	93	-49	2
-1392	1109	15949	169	90	-38	2
-1356	1079	15958	153	87	-37	2
-1395	1074	15937	79	95	-30	2
-1370	1080	15974	10	80	-11	2
-1390	1119	15875	-21	53	-6	2
-1412	1133	15850	-51	79	5	2
-1418	1170	15874	-36	96	0	2
-1428	1178	15879	32	95	-22	2
-1422	1158	15928	100	94	-25	2
-1403	1116	15951	144	105	-28	2
-1394	1100	15984	168	84	-42	2
-1379	1082	15941	134	76	-33	2
-1368	1059	15913	83	84	-26	2
-1382	1070	15897	19	83	-3	2
-1412	1136	15895	-25	81	10	2
-1433	1149	15878	-49	59	0	2
-1431	1161	15882	9	68	-12	2
-1435	1173	15883	52	92	-15	2
-1416	1139	15929	93	83	-26	2
-1377	1126	15954	143	77	-31	2
-1386	1092	15942	152	86	-28	2
-1404	1094	15919	132	79	-20	2
-1407	1097	15935	82	73	-12	2
-1412	1084	15905	7	72	-4	2
-1427	1120	15883	-39	70	3	2
-1407	1138	15893	-32	76	-7	2
-1416	1154	15868	7	82	-27	2
-1428	1154	15876	56	70	-36	2
-1412	1140	15897	127	74	-50	2
-1417	1121	15897	143	76	-41	2
-1398	1099	15917	120	70	-41	2
-1386	1097	15918	81	74	-21	2
-1370	1097	15955	37	81	-14	2
-1393	1101	15878	19	68	-21	2
-1407	1157	15867	7	75	-24	2
-1421	1150	15900	-11	73	-3	2
-1420	1159	15879	10	92	-8	2
-1418	1146	15911	68	95	-23	2
-1385	1137	15989	101	91	-37	2
-1383	1118	15900	112	83	-32	2
-1385	1094	15934	105	99	-40	2
-1404	1106	15928	59	93	-20	2
-1393	1116	15901	20	83	-10	2
-1420	1132	15876	-16	92	-2	2
-1406	1138	15944	-14	84	-10	2
-1421	1144	15900	24	70	-28	2
-1423	1142	15901	74	81	-48	2
-1411	1145	15914	84	92	-38	2
-1413	1136	15915	103	92	-25	2
-1383	1112	15915	123	88	-29	2
-1383	1103	15975	93	78	-23	2
-1392	1095	15934	64	71	-15	2
-1418	1104	15906	35	78	-27	2
-1416	1120	15883	11	92	-11	2
-1413	1132	15859	10	86	-12	2
-1422	1133	15889	14	84	-2	2
-1406	1118	15915	53	77	-4	2
-1417	1132	15903	115	62	-22	2
-1420	1085	15904	125	72	-37	2
-1415	1088	15927	116	73	-22	2
-1387	1095	15916	95	61	-15	2
-1408	1110	15908	67	65	-19	2
-1391	1131	15886	26	73	-10	2
-1402	1152	15945	30	84	-34	2
-1409	1184	15947	11	110	-38	2
-1414	1144	15971	36	116	-26	2
-1414	1082	15946	66	85	-27	2
-1389	1047	15923	86	58	-13	2
-1386	1075	15868	90	18	0	2
-1397	1090	15863	69	13	-1	2
-1428	1130	15836	12	54	-7	2
-1436	1166	15871	-54	84	-10	2
-1424	1198	15854	-49	106	-13	2
-1425	1206	15930	4	120	-56	2
-1412	1177	15986	107	112	-65	2
-1410	1136	16046	199	126	-69	2
-1368	1086	16005	185	103	-38	2
-1359	1035	16006	154	72	-17	2
-1364	1050	15919	48	44	4	2
-1386	1113	15852	-84	35	34	2
-1415	1169	15764	-144	39	35	2
-1435	1203	15771	-141	67	4	2
-1454	1221	15787	-88	93	-20	2
-1435	1215	15899	52	115	-36	2
-1412	1160	15951	201	111	-58	2
-1419	1123	16077	285	98	-56	2
-1358	1058	16034	298	93	-58	2
-1338	995	16033	213	79	-51	2
-1361	1027	15946	53	54	3	2
-1382	1059	15854	-85	48	37	2
-1436	1151	15812	-184	49	33	2
-1446	1178	15858	-177	60	25	2
-1459	1226	15824	-64	52	5	2
-1444	1205	15849	87	83	-36	2
-1395	1156	15949	222	94	-62	2
-1376	1093	16014	317	101	-60	2
-1382	1035	15997	317	76	-41	2
-1392	1007	15980	206	65	-10	2
-1378	1022	15913	67	34	2	2
-1409	1070	15848	-76	52	29	2
-1460	1148	15823	-156	48	30	2
-1457	1198	15836	-140	66	9	2
-1461	1224	15844	-32	84	-22	2
-1444	1212	15902	114	99	-36	2
-1412	1143	16009	244	103	-63	2
-1364	1076	16013	278	112	-49	2
-1352	1035	16006	192	97	-46	2
-1356	1036	15941	84	78	-17	2
-1408	1055	15849	-33	67	10	2
-1443	1124	15762	-130	52	22	2
-1451	1179	15767	-159	51	3	2
-1473	1239	15814	-121	87	-2	2
-1479	1257	15870	19	106	-32	2
-1427	1215	15938	174	135	-57	2
-1412	1144	16012	282	136	-69	2
-1368	1065	16052	299	110	-62	2
-1333	1051	16034	234	103	-56	2
-1360	1033	15957	62	87	-9	2
-1388	1068	15886	-111	61	12	2
-1406	1113	15822	-215	58	23	2
-1441	1200	15785	-234	66	29	2
-1447	1227	15778	-140	68	-2	2
-1447	1235	15835	35	101	-41	2
-1425	1196	15909	174	103	-50	2
-1411	1132	15984	304	94	-55	2
-1374	1073	16022	329	83	-48	2
-1360	1009	16048	251	68	-23	2
-1395	1011	15970	108	55	-1	2
-1389	1051	15912	-39	55	13	2
-1431	1113	15868	-138	44	22	2
-1448	1174	15827	-149	55	15	2
-1459	1223	15831	-82	78	3	2
-1464	1226	15929	56	78	-18	2
-1424	1164	15902	194	64	-36	2
-1356	1092	15968	276	84	-50	2
-1404	1046	15984	250	68	-34	2
-1373	1012	15974	175	53	-20	2
-1358	1036	15933	71	53	-7	2
-1411	1066	15909	-30	64	20	2
-1450	1119	15836	-82	44	22	2
-1454	1196	15833	-74	57	4	2
-1433	1182	15865	-15	74	-15	2
-1456	1184	15923	84	91	-38	2
-1409	1157	15957	181	109	-49	2
-1394	1099	15991	227	103	-49	2
-1362	1060	15980	207	88	-55	2
-1376	1064	15938	100	90	-33	2
-1382	1072	15891	-12	69	-3	2
-1415	1138	15836	-108	72	11	2
-1453	1192	15821	-132	73	5	2
-1446	1219	15784	-83	62	-3	2
-1439	1213	15857	37	79	-35	2
-1431	1177	15935	143	99	-40	2
-1409	1140	16004	210	109	-36	2
-1399	1081	15999	224	108	-48	2
-1377	1067	15969	180	108	-49	2
-1388	1056	15945	72	86	-16	2
-1363	1083	15924	-38	78	-15	2
-1412	1146	15829	-127	70	4	2
-1420	1162	15809	-141	72	11	2
-1444	1213	15822	-98	82	5	2
-1424	1195	15878	5	81	-12	2
-1413	1156	15902	134	70	-24	2
-1389	1110	15954	246	77	-49	2
-1388	1075	15945	243	75	-46	2
-1383	1058	15969	188	73	-30	2
-1420	1045	15976	85	68	2	2
-1415	1074	15957	-14	64	9	2
-1432	1128	15880	-63	45	17	2
-1455	1155	15854	-79	48	9	2
-1442	1185	15858	-46	71	-4	2
-1447	1171	15891	49	72	-22	2
-1419	1152	15899	146	74	-20	2
-1410	1091	16007	197	83	-33	2
-1396	1080	15946	194	78	-31	2
-1386	1049	15932	151	75	-43	2
-1377	1049	15915	70	61	-28	2
-1433	1105	15889	-8	59	-15	2
-1438	1127	15871	-40	74	-1	2
-1434	1161	15897	-31	76	-5	2
-1438	1178	15880	31	70	-29	2
-1415	1165	15925	86	100	-43	2
-1441	1120	15930	124	95	-29	2
-1422	1114	15947	152	82	-34	2
-1370	1079	15975	132	88	-26	2
-1381	1069	15955	67	81	-16	2
-1403	1110	15889	14	56	-18	2
-1432	1111	15868	-48	79	-16	2
-1426	1151	15853	-72	89	0	2
-1427	1174	15868	-40	95	-15	2
-1424	1187	15884	26	110	-33	2
-1432	1157	15906	107	107	-44	2
-1406	1145	15916	174	88	-46	2
-1391	1114	15979	163	89	-40	2
-1390	1086	15974	122	86	-39	2
-1393	1080	15945	58	80	-28	2
-1411	1096	15915	-10	78	-2	2
-1427	1128	15837	-42	67	13	2
-1424	1157	15854	-37	71	-7	2
-1413	1173	15848	-11	73	-15	2
-1420	1149	15848	50	74	-9	2
-1432	1160	15849	124	82	-20	2
-1405	1123	15910	167	73	-31	2
-1398	1080	15932	182	54	-29	2
-1402	1083	15952	151	54	-19	2
-1395	1085	15959	86	72	-4	2
-1407	1106	15900	45	63	11	2
-1421	1122	15897	-10	67	4	2
-1428	1151	15893	-24	69	1	2
-1432	1148	15898	7	61	-14	2
-1432	1158	15877	62	61	-30	2
-1414	1154	15905	96	71	-34	2
-1418	1110	15932	128	73	-38	2
-1381	1115	15929	114	63	-23	2
-1398	1057	15968	89	74	-15	2
-1397	1093	15917	61	57	-10	2
-1402	1099	15899	34	72	-14	2
-1429	1138	15903	3	76	-8	2
-1445	1137	15859	11	81	-12	2
-1412	1170	15888	43	94	-22	2
-1422	1130	15988	75	101	-29	2
-1404	1125	15925	107	77	-42	2
-1379	1091	15948	115	83	-45	2
-1395	1090	15948	71	85	-38	2
-1399	1115	15899	41	83	-35	2
-1392	1119	15926	-2	91	-25	2
-1427	1118	15907	-25	90	-17	2
-1413	1159	15861	-6	77	-21	2
-1413	1166	15878	9	93	-33	2
-1417	1144	15903	38	91	-21	2
-1410	1157	15916	84	83	-23	2
-1412	1125	15935	115	86	-24	2
-1410	1102	15925	112	75	-32	2
-1448	1094	15920	104	65	-34	2
-1405	1092	15903	55	85	-22	2
-1408	1108	15911	6	92	-18	2
-1396	1126	15877	-12	77	4	2
-1437	1147	15868	0	79	-13	2
-1418	1143	15864	17	69	-17	2
-1429	1159	15911	75	77	-32	2
-1410	1113	15932	111	74	-20	2
-1392	1132	15916	133	74	-22	2
-1403	1096	15927	124	68	-16	2
-1418	1093	15907	90	60	-12	2
-1431	1094	15902	61	54	-11	2
-1424	1094	15917	69	77	-30	2
-1421	1105	15887	37	66	-22	2
-1420	1134	15903	25	53	-4	2
-1431	1119	15875	35	70	3	2
-1410	1143	15909	50	75	-16	2
-1422	1128	15900	72	73	-21	2
-1411	1132	15925	111	85	-34	2
-1416	1113	15919	79	90	-21	2
-1419	1115	15901	63	83	-10	2
-1420	1095	15889	37	70	-3	2
-1430	1133	15920	26	82	-4	2
-1418	1127	15884	30	69	-4	2
-1427	1132	15917	45	83	-14	2
-1407	1148	15892	28	83	-30	2
-1404	1166	15925	47	102	-27	2
-1417	1165	15944	56	114	-41	2
-1417	1145	16011	80	104	-40	2
-1386	1138	15963	108	82	-37	2
-1384	1097	15942	83	102	-39	2
-1397	1111	15908	35	93	-18	2
-1432	1118	15880	-8	87	2	2
-1414	1131	15838	-23	69	3	2
-1414	1140	15906	-30	68	0	2
-1435	1178	15824	13	79	-17	2
-1444	1167	15886	65	101	-46	2
-1417	1184	15917	109	115	-55	2
-1404	1122	15923	131	116	-49	2
-1412	1101	15961	143	106	-49	2
-1407	1088	16007	131	102	-31	2
-1371	1076	15946	96	77	-20	2
-1386	1084	15928	26	81	-1	2
-1412	1092	15878	-31	60	14	2
-1438	1111	15836	-52	45	11	2
-1470	1166	15815	-37	58	8	2
-1440	1166	15842	29	66	-3	2
-1418	1146	15895	117	59	-24	2
-1422	1125	15927	173	75	-30	2
-1394	1083	15972	213	79	-46	2
-1399	1068	15973	184	73	-37	2
-1386	1069	15955	148	58	-35	2
-1399	1072	15902	74	34	-7	2
-1411	1090	15908	12	43	-4	2
-1445	1133	15858	-40	60	10	2
-1443	1157	15859	-59	61	1	2
-1434	1182	15835	-22	73	-23	2
-1450	1182	15879	56	114	-28	2
-1446	1138	15893	121	108	-40	2
-1401	1105	15967	192	98	-64	2
-1430	1091	15971	168	98	-37	2
-1399	1076	15921	105	93	-34	2
-1390	1083	15910	31	79	-24	2
-1415	1116	15918	-29	88	-16	2
-1431	1157	15832	-60	70	-3	2
-1459	1176	15847	-58	89	-23	2
-1454	1182	15849	-33	112	-21	2
-1427	1189	15910	54	111	-29	2
-1405	1151	15953	120	127	-56	2
-1400	1154	16017	140	121	-52	2
-1395	1102	15963	138	99	-43	2
-1366	1082	15968	91	106	-41	2
-1396	1097	15906	5	92	-13	2
-1424	1125	15832	-67	69	4	2
-1437	1168	15805	-90	68	11	2
-1434	1182	15891	-59	83	-2	2
-1449	1192	15855	29	71	-25	2
-1421	1159	15908	120	92	-43	2
-1413	1127	15940	184	92	-47	2
-1404	1101	15967	213	82	-43	2
-1386	1053	15990	179	81	-20	2
-1382	1045	15982	100	73	0	2
-1405	1071	15925	36	45	1	2
-1412	1091	15849	-51	54	2	2
-1433	1131	15830	-80	60	3	2
-1428	1164	15831	-37	66	1	2
-1452	1171	15851	34	80	-5	2
-1474	1147	15863	123	86	-22	2
-1392	1104	15966	217	82	-41	2
-1387	1063	15987	234	78	-50	2
-1385	1039	15990	201	58	-32	2
-1393	1049	15975	120	69	-5	2
-1402	1072	15917	11	64	5	2
-1414	1088	15832	-61	59	-1	2
-1425	1146	15847	-68	62	-13	2
-1436	1160	15861	-71	96	-19	2
-1441	1186	15870	-11	98	-32	2
-1420	1175	15902	65	89	-44	2
-1391	1158	15930	136	94	-52	2
-1392	1092	15940	172	89	-60	2
-1398	1066	15966	148	88	-50	2
-1388	1078	15935	53	96	-34	2
-1388	1088	15898	-25	97	-18	2
-1410	1142	15880	-71	87	-11	2
-1428	1172	15853	-74	107	-22	2
-1423	1182	15884	-36	100	-23	2
-1408	1195	15924	37	98	-37	2
-1419	1179	15941	87	98	-41	2
-1420	1136	15972	146	121	-39	2
-1403	1106	15941	143	107	-45	2
-1389	1076	15987	108	98	-31	2
-1384	1088	15895	44	61	-20	2
-1408	1099	15891	-4	67	-13	2
-1429	1149	15887	-54	79	-3	2
-1454	1160	15855	-38	86	-3	2
-1413	1169	15873	15	87	-14	2
-1459	1175	15963	87	90	-30	2
-1437	1142	15912	155	61	-30	2
-1399	1098	15975	205	76	-37	2
-1405	1076	15975	171	78	-20	2
-1389	1052	15924	113	68	3	2
-1394	1079	15932	41	57	9	2
-1447	1107	15925	-27	43	16	2
-1435	1124	15847	-15	33	-6	2
-1427	1134	15845	-17	49	1	2
-1432	1151	15862	25	61	-9	2
-1435	1146	15904	90	57	-20	2
-1434	1127	15931	155	55	-36	2
-1431	1106	15923	175	65	-42	2
-1404	1059	15954	174	68	-36	2
-1408	1065	15948	113	71	-28	2
-1400	1076	15914	44	69	-15	2
-1411	1116	15864	-38	64	-18	2
-1443	1137	15847	-57	80	-17	2
-1454	1148	15857	-58	78	-12	2
-1444	1170	15889	4	82	-46	2
-1415	1154	15917	62	106	-43	2
-1411	1143	15931	116	107	-36	2
-1415	1112	15931	125	105	-34	2
-1407	1098	15945	104	99	-23	2
-1393	1084	15911	66	85	-11	2
-1395	1103	15898	25	92	-8	2
-1408	1139	15870	-27	92	-4	2
-1424	1172	15853	-38	91	-4	2
-1414	1167	15907	-14	97	-13	2
-1415	1185	15918	30	97	-20	2
-1432	1151	15909	89	106	-24	2
-1420	1128	15930	147	103	-36	2
-1384	1126	15950	128	106	-29	2
-1413	1098	15938	108	95	-17	2
-1426	1113	15906	61	93	-18	2
-1416	1102	15920	11	74	-14	2
-1439	1113	15863	-9	58	0	2
-1429	1141	15889	11	70	-3	2
-1425	1160	15899	33	78	-4	2
-1420	1159	15868	89	83	-13	2
-1411	1123	15923	130	78	-20	2
-1404	1088	16001	146	89	-30	2
-1404	1064	15962	154	65	-19	2
-1403	1072	15948	139	65	-27	2
-1405	1072	15899	67	60	-7	2
-1401	1093	15904	26	66	6	2
-1404	1112	15879	-8	70	-5	2
-1446	1140	15928	0	68	-9	2
-1450	1136	15860	49	64	-17	2
-1429	1160	15883	90	80	-32	2
-1415	1150	15895	122	80	-24	2
-1423	1103	15950	128	70	-18	2
-1416	1087	15916	125	87	-25	2
-1420	1074	15950	98	89	-26	2
-1401	1095	15922	56	79	-24	2
-1409	1114	15899	-3	89	-22	2
-1422	1126	15888	-26	93	-19	2
-1432	1145	15879	-32	89	-24	2
-1438	1152	15876	14	98	-34	2
-1421	1146	15901	55	94	-40	2
-1407	1142	15882	97	94	-47	2
-1408	1114	15916	97	111	-43	2
-1379	1114	15951	87	116	-30	2
-1399	1119	15919	62	92	-26	2
-1405	1116	15934	18	85	-30	2
-1413	1142	15892	-15	86	-17	2
-1402	1156	15869	-4	88	-24	2
-1427	1142	15889	-4	109	-21	2
-1419	1157	15896	30	107	-30	2
-1419	1165	15913	85	101	-33	2
-1410	1149	15899	110	100	-20	2
-1416	1104	15902	121	70	-27	2
-1404	1101	15916	102	67	-45	2
-1409	1109	15922	63	61	-22	2
-1445	1116	15904	41	74	-10	2
-1447	1120	15851	17	78	5	2
-1434	1134	15899	26	71	2	2
-1444	1129	15879	50	53	-8	2
-1441	1125	15903	108	62	-22	2
-1439	1116	15892	116	69	-12	2
-1432	1097	15898	128	74	-24	2
-1421	1076	15917	127	73	-33	2
-1438	1056	15927	94	68	-23	2
-1437	1065	15872	75	44	-17	2
-1430	1100	15865	61	52	-14	2
-1445	1147	15887	-1	63	-5	2
-1459	1169	15906	-1	81	-20	2
-1428	1169	15962	48	106	-45	2
-1413	1147	16009	94	109	-47	2
-1399	1096	15949	139	95	-49	2
-1415	1083	15943	153	91	-34	2
-1415	1092	15913	106	71	-6	2
-1403	1096	15922	30	69	1	2
-1433	1136	15869	-43	75	1	2
-1440	1141	15850	-76	80	-2	2
-1431	1162	15810	-42	82	-15	2
-1428	1176	15842	8	101	-24	2
-1429	1211	15898	65	118	-37	2
-1405	1189	15936	106	119	-50	2
-1391	1136	15988	150	128	-48	2
-1411	1116	15970	132	124	-38	2
-1394	1087	15977	103	111	-41	2
-1400	1076	15937	39	104	-15	2
-1401	1114	15866	-24	74	5	2
-1406	1142	15878	-61	72	24	2
-1441	1193	15826	-78	89	16	2
-1460	1215	15816	-46	92	-3	2
-1456	1197	15852	55	102	-34	2
-1415	1135	15915	117	113	-33	2
-1399	1111	15937	170	100	-45	2
-1414	1073	15986	193	80	-33	2
-1396	1051	15990	174	79	-19	2
-1404	1052	15921	112	64	3	2
-1414	1067	15913	27	56	6	2
-1416	1099	15862	-54	58	11	2
-1454	1135	15864	-53	61	25	2
-1446	1145	15874	-7	67	5	2
-1440	1142	15883	75	75	-21	2
-1393	1113	15909	152	80	-36	2
-1419	1103	15945	216	59	-55	2
-1391	1053	15990	183	55	-26	2
-1410	1058	15936	134	62	-13	2
-1432	1036	15910	63	57	-22	2
-1418	1074	15890	4	36	4	2
-1441	1097	15873	-22	32	6	2
-1449	1128	15907	-8	61	-14	2
-1442	1151	15892	2	87	-20	2
-1442	1157	15923	70	77	-24	2
-1433	1128	15929	132	82	-35	2
-1412	1107	16016	152	98	-42	2
-1375	1076	15960	157	106	-52	2
-1397	1061	15899	94	102	-45	2
-1421	1096	15870	-6	96	-23	2
-1420	1144	15839	-68	94	-12	2
-1444	1171	15815	-113	97	-20	2
-1459	1187	15874	-76	113	-12	2
-1432	1202	15855	6	116	-30	2
-1444	1185	15880	84	115	-44	2
-1424	1164	15938	150	104	-42	2
-1409	1126	15970	177	102	-40	2
-1394	1103	15965	141	99	-33	2
-1386	1088	15997	73	99	-26	2
-1415	1088	15903	0	86	-11	2
-1437	1114	15861	-77	86	6	2
-1444	1153	15825	-94	87	8	2
-1456	1197	15852	-53	91	1	2
-1439	1193	15868	29	96	-18	2
-1434	1160	15866	120	90	-22	2
-1405	1130	15923	199	71	-28	2
-1415	1092	15956	190	66	-45	2
-1435	1078	15938	161	62	-23	2
-1422	1064	15911	93	52	-11	2
-1405	1088	15911	44	57	-4	2
-1426	1112	15838	3	46	-10	2
-1436	1129	15858	-4	61	-21	2
-1440	1140	15879	3	72	-8	2
-1461	1156	15886	68	70	-18	2
-1434	1126	15900	120	65	-28	2
-1426	1120	15909	162	70	-32	2
-1408	1074	15931	159	59	-8	2
-1402	1079	15923	141	58	-20	2
-1409	1067	15892	64	52	-17	2
-1407	1107	15884	14	62	-13	2
-1443	1131	15889	-17	75	1	2
-1446	1151	15867	-10	90	6	2
-1441	1150	15876	19	69	-19	2
-1431	1162	15895	79	90	-32	2
-1415	1149	15914	99	105	-55	2
-1428	1141	15948	106	119	-47	2
-1386	1108	15959	83	114	-37	2
-1400	1103	15954	48	114	-31	2
-1404	1114	15905	7	98	-22	2
-1421	1131	15889	-34	90	-18	2
-1430	1155	15869	-63	98	-13	2
-1438	1181	15850	-42	100	-17	2
-1432	1168	15874	8	112	-34	2
-1465	1185	15957	62	107	-34	2
-1455	1153	15915	128	78	-40	2
-1443	1117	15935	134	110	-40	2
-1398	1094	15935	109	98	-33	2
-1394	1098	15937	56	89	-31	2
-1414	1097	15903	13	95	-32	2
-1418	1111	15943	-36	92	-12	2
-1424	1133	15857	-25	70	-10	2
-1413	1157	15887	8	82	-14	2
-1418	1143	15873	43	82	-15	2
-1442	1143	15913	98	71	-19	2
-1426	1133	15929	136	66	-41	2
-1420	1102	15949	161	74	-30	2
-1419	1062	15932	161	62	-18	2
-1413	1058	15945	89	70	-10	2
-1430	1103	15904	47	69	10	2
-1434	1130	15897	19	58	17	2
-1456	1115	15875	-3	61	2	2
-1450	1121	15847	16	53	-9	2
-1435	1121	15870	95	66	-22	2
-1430	1124	15916	133	75	-24	2
-1420	1095	15913	143	67	-14	2
-1398	1084	15933	127	68	-9	2
-1431	1081	15878	92	73	-4	2
-1414	1087	15858	56	65	4	2
-1422	1098	15872	25	65	-9	2
-1437	1120	15890	-23	97	-5	2
-1446	1159	15850	-25	88	-16	2
-1439	1143	15867	16	80	-14	2
-1446	1156	15906	58	84	-34	2
-1421	1139	15908	95	85	-38	2
-1411	1135	15932	113	100	-44	2
-1398	1113	15919	87	110	-36	2
-1418	1109	15913	46	131	-27	2
-1425	1145	15884	-3	129	-12	2
-1420	1152	15893	-39	115	-18	2
-1428	1133	15839	-39	95	-21	2
-1412	1168	15863	-9	93	-27	2
-1438	1167	15851	8	109	-24	2
-1429	1169	15902	50	113	-43	2
-1424	1138	15929	80	121	-46	2
-1397	1119	16000	98	103	-38	2
-1411	1108	15903	113	79	-34	2
-1409	1113	15939	59	77	-36	2
-1412	1097	15924	10	92	-21	2
-1414	1112	15869	5	83	-3	2
-1413	1133	15851	6	72	1	2
-1438	1125	15971	18	65	-6	2
-1443	1138	15893	49	58	-9	2
-1461	1130	15908	105	68	-30	2
-1421	1106	15942	139	52	-30	2
-1404	1076	15947	138	61	-24	2
-1430	1086	15916	118	50	-9	2
-1426	1091	15906	80	50	-8	2
-1412	1082	15933	72	42	-4	2
-1447	1113	15904	48	59	-8	2
-1438	1108	15905	39	60	-17	2
-1428	1123	15890	53	61	-23	2
-1431	1111	15909	70	61	-19	2
-1434	1110	15899	94	72	-16	2
-1410	1097	15925	135	60	-36	2
-1396	1103	15931	96	71	-29	2
-1424	1096	15874	65	65	-19	2
-1404	1108	15877	51	75	-19	2
-1423	1108	15885	32	83	-17	2
-1411	1092	15830	8	74	-18	2
-1440	1097	15842	37	64	-28	2
-1430	1119	15867	37	79	-26	2
-1411	1161	15885	19	85	-18	2
-1461	1195	15926	52	103	-32	2
-1403	1184	15971	68	131	-52	2
-1429	1143	15968	77	144	-57	2
-1391	1102	15989	106	139	-51	2
-1387	1101	15965	55	104	-26	2
-1385	1108	15909	16	85	-15	2
-1414	1140	15887	-19	66	5	2
-1421	1174	15850	-49	70	10	2
-1455	1167	15806	-42	64	-4	2
-1435	1144	15802	-3	83	-27	2
-1428	1142	15820	39	86	-33	2
-1438	1160	15865	120	76	-49	2
-1452	1175	15924	167	90	-59	2
-1457	1153	16031	162	116	-40	2
-1430	1091	15989	143	116	-46	2
-1405	1081	15988	109	105	-54	2
-1378	1074	15939	39	73	-27	2
-1428	1074	15909	-2	67	-18	2
-1426	1124	15871	-16	55	0	2
-1445	1151	15885	-25	39	4	2
-1444	1167	15831	15	26	-4	2
-1444	1140	15846	55	67	-13	2
-1455	1124	15875	103	79	-33	2
-1429	1091	15915	179	66	-44	2
-1409	1060	15946	211	51	-37	2
-1448	1062	15985	200	57	-29	2
-1424	1046	15931	186	39	-30	2
-1412	1045	15935	94	51	-34	2
-1407	1091	15894	-2	60	-19	2
-1437	1108	15891	-35	78	0	2
-1456	1144	15873	-31	82	-10	2
-1441	1169	15873	-13	83	-21	2
-1420	1145	15885	70	103	-40	2
-1408	1134	15935	110	111	-50	2
-1406	1113	15942	109	109	-44	2
-1412	1072	15921	96	98	-38	2
-1411	1087	15886	37	92	-26	2
-1413	1095	15870	1	74	-16	2
-1428	1131	15840	-13	68	-20	2
-1430	1149	15855	-39	85	-15	2
-1430	1177	15882	-1	111	-23	2
-1437	1176	15900	28	121	-43	2
-1425	1172	15923	67	123	-49	2
-1408	1136	15929	102	132	-44	2
-1389	1101	15997	127	121	-59	2
-1366	1081	15977	86	102	-37	2
-1380	1081	15927	20	86	-14	2
-1416	1108	15873	-36	78	9	2
-1433	1144	15827	-84	67	21	2
-1428	1167	15777	-67	64	11	2
-1470	1161	15819	3	69	-19	2
-1458	1194	15886	58	79	-25	2
-1438	1172	15934	147	83	-31	2
-1411	1144	15962	212	89	-48	2
-1405	1087	16037	198	97	-40	2
-1411	1042	15956	175	75	-16	2
-1377	1049	15962	112	64	-18	2
-1409	1062	15898	9	55	-5	2
-1364	1070	15780	-67	36	20	2
